Campaign,Ad Group,Keyword,Criterion Type,Max CPC,Final URL,Status
FR | Search | Entreposage mobile,Entreposage mobile,entreposage mobile,Phrase,3.60,https://offres.mobilcube.com/entreposage-mobile.html,Enabled
FR | Search | Entreposage mobile,Entreposage mobile,entreposage mobile,Exact,3.60,https://offres.mobilcube.com/entreposage-mobile.html,Enabled
FR | Search | Entreposage mobile,Entreposage mobile,entreposage mobile montréal,Exact,4.05,https://offres.mobilcube.com/entreposage-mobile.html,Enabled
FR | Search | Entreposage mobile,Conteneur d'entreposage,conteneur d'entreposage,Phrase,3.15,https://offres.mobilcube.com/entreposage-mobile.html,Enabled
FR | Search | Entreposage mobile,Conteneur d'entreposage,location conteneur entreposage,Phrase,3.60,https://offres.mobilcube.com/entreposage-mobile.html,Enabled
FR | Search | Entreposage mobile,Conteneur d'entreposage,location conteneur entreposage,Exact,3.60,https://offres.mobilcube.com/entreposage-mobile.html,Enabled
FR | Search | Entreposage mobile,Conteneur d'entreposage,location de conteneur d'entreposage,Exact,3.60,https://offres.mobilcube.com/entreposage-mobile.html,Enabled
FR | Search | Entreposage mobile,Conteneur d'entreposage,conteneur entreposage montréal,Phrase,4.05,https://offres.mobilcube.com/entreposage-mobile.html,Enabled
FR | Search | Entreposage mobile,Cube d'entreposage,cube d'entreposage,Phrase,3.15,https://offres.mobilcube.com/entreposage-mobile.html,Enabled
FR | Search | Entreposage mobile,Cube d'entreposage,cube d'entreposage,Exact,3.15,https://offres.mobilcube.com/entreposage-mobile.html,Enabled
FR | Search | Entreposage mobile,Cube d'entreposage,cube entreposage,Phrase,3.15,https://offres.mobilcube.com/entreposage-mobile.html,Enabled
FR | Search | Entreposage mobile,Cube d'entreposage,location cube entreposage,Exact,3.60,https://offres.mobilcube.com/entreposage-mobile.html,Enabled
FR | Search | Entreposage mobile,Cube d'entreposage,cube de rangement mobile,Exact,2.02,https://offres.mobilcube.com/entreposage-mobile.html,Enabled
FR | Search | Entreposage mobile,Entreposage mobile,entrepôt mobile,Phrase,3.15,https://offres.mobilcube.com/entreposage-mobile.html,Enabled
FR | Search | Entreposage mobile,Entreposage mobile,entrepôt mobile,Exact,3.15,https://offres.mobilcube.com/entreposage-mobile.html,Enabled
FR | Search | Entreposage mobile,Entreposage mobile,entrepot mobile,Exact,3.15,https://offres.mobilcube.com/entreposage-mobile.html,Enabled
FR | Search | Entreposage mobile,Entreposage mobile,location entrepôt mobile,Exact,3.60,https://offres.mobilcube.com/entreposage-mobile.html,Enabled
FR | Search | Entreposage mobile,Entreposage mobile,mini entrepôt mobile,Exact,2.93,https://offres.mobilcube.com/entreposage-mobile.html,Enabled
FR | Search | Entreposage mobile,Entreposage mobile,entreposage livré à domicile,Phrase,2.48,https://offres.mobilcube.com/entreposage-mobile.html,Enabled
FR | Search | Entreposage mobile,Conteneur d'entreposage,conteneur d'entreposage livré,Phrase,2.93,https://offres.mobilcube.com/entreposage-mobile.html,Enabled
FR | Search | Entreposage mobile,Entreposage mobile,entreposage à domicile,Phrase,2.48,https://offres.mobilcube.com/entreposage-mobile.html,Enabled
FR | Search | Entreposage mobile,Conteneur d'entreposage,conteneur de rangement extérieur location,Exact,2.02,https://offres.mobilcube.com/entreposage-mobile.html,Enabled
FR | Search | Entreposage mobile,Entreposage mobile,entreposage montréal,Phrase,4.28,https://offres.mobilcube.com/entreposage-mobile.html,Enabled
FR | Search | Entreposage mobile,Entreposage mobile,entreposage près de moi,Phrase,4.28,https://offres.mobilcube.com/entreposage-mobile.html,Enabled
FR | Search | Entreposage mobile,Entreposage mobile,entreposage près de chez moi,Exact,4.28,https://offres.mobilcube.com/entreposage-mobile.html,Enabled
FR | Search | Entreposage mobile,Entreposage mobile,service d'entreposage montréal,Exact,3.60,https://offres.mobilcube.com/entreposage-mobile.html,Enabled
FR | Search | Entreposage mobile,Entreposage mobile,location d'entreposage,Phrase,3.60,https://offres.mobilcube.com/entreposage-mobile.html,Enabled
FR | Search | Entreposage mobile,Entreposage mobile,espace d'entreposage à louer,Phrase,3.60,https://offres.mobilcube.com/entreposage-mobile.html,Enabled
FR | Search | Entreposage mobile,Entreposage mobile,mini entrepôt montréal,Phrase,4.28,https://offres.mobilcube.com/entreposage-mobile.html,Enabled
FR | Search | Entreposage mobile,Entreposage mobile,entreposage sécurisé chauffé,Phrase,2.93,https://offres.mobilcube.com/entreposage-mobile.html,Enabled
FR | Search | Vehicules hiver,Auto hiver,entreposage voiture hiver,Phrase,2.25,https://offres.mobilcube.com/vehicules-hiver.html,Enabled
FR | Search | Vehicules hiver,Auto hiver,entreposage voiture hiver,Exact,2.25,https://offres.mobilcube.com/vehicules-hiver.html,Enabled
FR | Search | Vehicules hiver,Auto hiver,entreposage auto hiver,Phrase,2.25,https://offres.mobilcube.com/vehicules-hiver.html,Enabled
FR | Search | Vehicules hiver,Auto hiver,entreposage auto hiver,Exact,2.25,https://offres.mobilcube.com/vehicules-hiver.html,Enabled
FR | Search | Vehicules hiver,Auto hiver,entreposage hivernal voiture,Exact,2.25,https://offres.mobilcube.com/vehicules-hiver.html,Enabled
FR | Search | Vehicules hiver,Auto hiver,entreposage véhicule hiver,Phrase,2.02,https://offres.mobilcube.com/vehicules-hiver.html,Enabled
FR | Search | Vehicules hiver,Auto hiver,entreposage voiture montréal,Phrase,2.70,https://offres.mobilcube.com/vehicules-hiver.html,Enabled
FR | Search | Vehicules hiver,Auto hiver,entreposage auto montréal,Phrase,2.70,https://offres.mobilcube.com/vehicules-hiver.html,Enabled
FR | Search | Vehicules hiver,Auto hiver,entreposage voiture laval,Exact,2.48,https://offres.mobilcube.com/vehicules-hiver.html,Enabled
FR | Search | Vehicules hiver,Auto hiver,entreposage voiture rive-sud,Exact,2.48,https://offres.mobilcube.com/vehicules-hiver.html,Enabled
FR | Search | Vehicules hiver,Auto hiver,entreposage auto chauffé,Phrase,2.48,https://offres.mobilcube.com/vehicules-hiver.html,Enabled
FR | Search | Vehicules hiver,Auto hiver,entreposage intérieur voiture,Phrase,2.48,https://offres.mobilcube.com/vehicules-hiver.html,Enabled
FR | Search | Vehicules hiver,Voiture collection,entreposage voiture de collection,Phrase,2.70,https://offres.mobilcube.com/vehicules-hiver.html,Enabled
FR | Search | Vehicules hiver,Voiture collection,entreposage auto de collection hiver,Exact,2.70,https://offres.mobilcube.com/vehicules-hiver.html,Enabled
FR | Search | Vehicules hiver,Auto hiver,entreposage voiture ancienne,Exact,2.02,https://offres.mobilcube.com/vehicules-hiver.html,Enabled
FR | Search | Vehicules hiver,Auto hiver,remisage voiture hiver,Phrase,2.02,https://offres.mobilcube.com/vehicules-hiver.html,Enabled
FR | Search | Vehicules hiver,Auto hiver,remisage auto,Exact,2.02,https://offres.mobilcube.com/vehicules-hiver.html,Enabled
FR | Search | Vehicules hiver,Auto hiver,garage à louer hiver voiture,Phrase,2.02,https://offres.mobilcube.com/vehicules-hiver.html,Enabled
FR | Search | Vehicules hiver,Auto hiver,où entreposer sa voiture l'hiver,Phrase,1.57,https://offres.mobilcube.com/vehicules-hiver.html,Enabled
FR | Search | Vehicules hiver,Auto hiver,prix entreposage voiture hiver,Phrase,2.48,https://offres.mobilcube.com/vehicules-hiver.html,Enabled
FR | Search | Vehicules hiver,Auto hiver,entreposage décapotable hiver,Exact,2.02,https://offres.mobilcube.com/vehicules-hiver.html,Enabled
FR | Search | Vehicules hiver,Auto hiver,entreposage voiture sport hiver,Exact,2.02,https://offres.mobilcube.com/vehicules-hiver.html,Enabled
FR | Search | Vehicules hiver,Auto hiver,entreposage VUS hiver,Exact,2.02,https://offres.mobilcube.com/vehicules-hiver.html,Enabled
FR | Search | Vehicules hiver,Auto hiver,entreposage camion hiver,Exact,2.02,https://offres.mobilcube.com/vehicules-hiver.html,Enabled
FR | Search | Vehicules hiver,"Bateau (test, pausé)",entreposage bateau,Phrase,2.25,https://offres.mobilcube.com/vehicules-hiver.html,Paused
FR | Search | Vehicules hiver,"Bateau (test, pausé)",entreposage bateau hiver,Phrase,2.25,https://offres.mobilcube.com/vehicules-hiver.html,Paused
FR | Search | Vehicules hiver,"Bateau (test, pausé)",entreposage bateau hiver,Exact,2.25,https://offres.mobilcube.com/vehicules-hiver.html,Paused
FR | Search | Vehicules hiver,"Bateau (test, pausé)",entreposage bateau intérieur,Exact,2.25,https://offres.mobilcube.com/vehicules-hiver.html,Paused
FR | Search | Vehicules hiver,"Bateau (test, pausé)",entreposage bateau rive-sud,Exact,2.48,https://offres.mobilcube.com/vehicules-hiver.html,Paused
FR | Search | Vehicules hiver,"Bateau (test, pausé)",entreposage bateau montréal,Exact,2.48,https://offres.mobilcube.com/vehicules-hiver.html,Paused
FR | Search | Vehicules hiver,"Bateau (test, pausé)",hivernage bateau,Phrase,2.02,https://offres.mobilcube.com/vehicules-hiver.html,Paused
FR | Search | Vehicules hiver,"Bateau (test, pausé)",hivernage bateau entreposage,Exact,2.02,https://offres.mobilcube.com/vehicules-hiver.html,Paused
FR | Search | Vehicules hiver,Moto hiver,entreposage moto hiver,Phrase,2.02,https://offres.mobilcube.com/vehicules-hiver.html,Enabled
FR | Search | Vehicules hiver,Moto hiver,entreposage moto hiver,Exact,2.02,https://offres.mobilcube.com/vehicules-hiver.html,Enabled
FR | Search | Vehicules hiver,Moto hiver,entreposage moto montréal,Phrase,2.02,https://offres.mobilcube.com/vehicules-hiver.html,Enabled
FR | Search | Vehicules hiver,Moto hiver,remisage moto,Exact,2.02,https://offres.mobilcube.com/vehicules-hiver.html,Enabled
FR | Search | Vehicules hiver,Moto hiver,entreposage motocyclette,Exact,2.02,https://offres.mobilcube.com/vehicules-hiver.html,Enabled
FR | Search | Vehicules hiver,VTT,entreposage VTT,Phrase,1.57,https://offres.mobilcube.com/vehicules-hiver.html,Enabled
FR | Search | Vehicules hiver,VTT,entreposage VTT hiver,Exact,1.57,https://offres.mobilcube.com/vehicules-hiver.html,Enabled
FR | Search | Vehicules hiver,VTT,entreposage quad,Exact,1.57,https://offres.mobilcube.com/vehicules-hiver.html,Enabled
FR | Search | Vehicules hiver,VTT,entreposage côte à côte,Exact,1.57,https://offres.mobilcube.com/vehicules-hiver.html,Enabled
FR | Search | Vehicules hiver,Motoneige,entreposage motoneige,Phrase,1.57,https://offres.mobilcube.com/vehicules-hiver.html,Enabled
FR | Search | Vehicules hiver,Motoneige,entreposage motoneige été,Exact,1.57,https://offres.mobilcube.com/vehicules-hiver.html,Enabled
FR | Search | Vehicules hiver,Remorque & équipement,entreposage remorque,Phrase,2.02,https://offres.mobilcube.com/vehicules-hiver.html,Enabled
FR | Search | Vehicules hiver,Remorque & équipement,entreposage remorque hiver,Exact,2.02,https://offres.mobilcube.com/vehicules-hiver.html,Enabled
FR | Search | Vehicules hiver,Motomarine & petit bateau,entreposage motomarine,Exact,2.02,https://offres.mobilcube.com/vehicules-hiver.html,Enabled
FR | Search | Vehicules hiver,Auto hiver,entreposage kayak hiver,Exact,1.35,https://offres.mobilcube.com/vehicules-hiver.html,Enabled
FR | Search | Vehicules hiver,Auto hiver,entreposage véhicule récréatif,Phrase,2.02,https://offres.mobilcube.com/vehicules-hiver.html,Enabled
FR | Search | Vehicules hiver,Auto hiver,entreposage véhicules récréatifs montréal,Exact,2.48,https://offres.mobilcube.com/vehicules-hiver.html,Enabled
FR | Search | Terrasse commercial,Mobilier de terrasse,entreposage mobilier de terrasse,Phrase,2.02,https://offres.mobilcube.com/terrasse-commerciale.html,Enabled
FR | Search | Terrasse commercial,Restaurant & bar,entreposage terrasse restaurant,Phrase,2.02,https://offres.mobilcube.com/terrasse-commerciale.html,Enabled
FR | Search | Terrasse commercial,Mobilier de terrasse,entreposage terrasse hiver,Phrase,2.02,https://offres.mobilcube.com/terrasse-commerciale.html,Enabled
FR | Search | Terrasse commercial,Mobilier de terrasse,entreposage mobilier extérieur,Phrase,2.02,https://offres.mobilcube.com/terrasse-commerciale.html,Enabled
FR | Search | Terrasse commercial,Mobilier de terrasse,entreposage meubles de patio,Phrase,2.02,https://offres.mobilcube.com/terrasse-commerciale.html,Enabled
FR | Search | Terrasse commercial,Mobilier de terrasse,entreposage mobilier de jardin,Exact,2.02,https://offres.mobilcube.com/terrasse-commerciale.html,Enabled
FR | Search | Terrasse commercial,Mobilier de terrasse,entreposage parasols chauffe-terrasse,Exact,2.02,https://offres.mobilcube.com/terrasse-commerciale.html,Enabled
FR | Search | Terrasse commercial,Commercial saisonnier & inventaire,entreposage commercial montréal,Phrase,3.00,https://offres.mobilcube.com/terrasse-commerciale.html,Enabled
FR | Search | Terrasse commercial,Commercial saisonnier & inventaire,entreposage pour entreprise,Phrase,3.00,https://offres.mobilcube.com/terrasse-commerciale.html,Enabled
FR | Search | Terrasse commercial,Restaurant & bar,entreposage pour restaurant,Phrase,2.48,https://offres.mobilcube.com/terrasse-commerciale.html,Enabled
FR | Search | Terrasse commercial,Commercial saisonnier & inventaire,entreposage saisonnier,Phrase,2.48,https://offres.mobilcube.com/terrasse-commerciale.html,Enabled
FR | Search | Terrasse commercial,Commercial saisonnier & inventaire,entreposage saisonnier commercial,Exact,2.48,https://offres.mobilcube.com/terrasse-commerciale.html,Enabled
FR | Search | Terrasse commercial,Commercial saisonnier & inventaire,entreposage inventaire,Phrase,2.93,https://offres.mobilcube.com/terrasse-commerciale.html,Enabled
FR | Search | Terrasse commercial,Commercial saisonnier & inventaire,entreposage inventaire commerce de détail,Exact,2.93,https://offres.mobilcube.com/terrasse-commerciale.html,Enabled
FR | Search | Terrasse commercial,Commercial saisonnier & inventaire,conteneur entreposage commercial,Phrase,3.00,https://offres.mobilcube.com/terrasse-commerciale.html,Enabled
FR | Search | Terrasse commercial,Mobilier de terrasse,conteneur entreposage chantier,Phrase,3.00,https://offres.mobilcube.com/terrasse-commerciale.html,Enabled
FR | Search | Terrasse commercial,Paysagiste & équipement,entreposage équipement paysagement,Exact,2.02,https://offres.mobilcube.com/terrasse-commerciale.html,Enabled
FR | Search | Terrasse commercial,Mobilier de terrasse,entreposage matériel événementiel,Exact,2.02,https://offres.mobilcube.com/terrasse-commerciale.html,Enabled
FR | Search | Terrasse commercial,Restaurant & bar,entreposage hôtel mobilier,Exact,2.02,https://offres.mobilcube.com/terrasse-commerciale.html,Enabled
FR | Search | Terrasse commercial,Hôtel & condo,entreposage condo mobilier commun,Exact,2.02,https://offres.mobilcube.com/terrasse-commerciale.html,Enabled
FR | Search | Terrasse commercial,Mobilier de terrasse,entreposage archives documents montréal,Exact,3.00,https://offres.mobilcube.com/terrasse-commerciale.html,Enabled
FR | Search | Entreposage mobile,Déménagement & rénovation,déménagement et entreposage,Phrase,3.60,https://offres.mobilcube.com/entreposage-mobile.html,Enabled
FR | Search | Entreposage mobile,Déménagement & rénovation,entreposage déménagement montréal,Phrase,3.60,https://offres.mobilcube.com/entreposage-mobile.html,Enabled
FR | Search | Entreposage mobile,Déménagement & rénovation,conteneur déménagement,Phrase,3.15,https://offres.mobilcube.com/entreposage-mobile.html,Enabled
FR | Search | Entreposage mobile,Déménagement & rénovation,conteneur de déménagement montréal,Exact,3.60,https://offres.mobilcube.com/entreposage-mobile.html,Enabled
FR | Search | Entreposage mobile,Déménagement & rénovation,entreposage pendant rénovation,Phrase,2.48,https://offres.mobilcube.com/entreposage-mobile.html,Enabled
FR | Search | Entreposage mobile,Déménagement & rénovation,entreposage meubles rénovation,Exact,2.48,https://offres.mobilcube.com/entreposage-mobile.html,Enabled
FR | Search | Entreposage mobile,Déménagement & rénovation,entreposage temporaire,Phrase,3.15,https://offres.mobilcube.com/entreposage-mobile.html,Enabled
FR | Search | Entreposage mobile,Déménagement & rénovation,entreposage temporaire montréal,Exact,3.60,https://offres.mobilcube.com/entreposage-mobile.html,Enabled
FR | Search | Entreposage mobile,Déménagement & rénovation,entreposage court terme,Phrase,2.93,https://offres.mobilcube.com/entreposage-mobile.html,Enabled
FR | Search | Entreposage mobile,Déménagement & rénovation,entreposage meubles montréal,Phrase,3.60,https://offres.mobilcube.com/entreposage-mobile.html,Enabled
FR | Search | Entreposage mobile,Déménagement & rénovation,entreposage entre deux déménagements,Exact,2.48,https://offres.mobilcube.com/entreposage-mobile.html,Enabled
FR | Search | Entreposage mobile,Déménagement & rénovation,entreposage sinistre dégât d'eau,Exact,2.48,https://offres.mobilcube.com/entreposage-mobile.html,Enabled
FR | Search | Entreposage mobile,Montréal & Laval (géo),entreposage laval,Phrase,4.05,https://offres.mobilcube.com/entreposage-mobile.html,Enabled
FR | Search | Entreposage mobile,Montréal & Laval (géo),entreposage mobile laval,Exact,3.60,https://offres.mobilcube.com/entreposage-mobile.html,Enabled
FR | Search | Entreposage mobile,Rive-Sud (géo),entreposage longueuil,Phrase,3.60,https://offres.mobilcube.com/entreposage-mobile.html,Enabled
FR | Search | Entreposage mobile,Rive-Sud (géo),entreposage brossard,Phrase,3.60,https://offres.mobilcube.com/entreposage-mobile.html,Enabled
FR | Search | Entreposage mobile,Rive-Sud (géo),entreposage rive-sud,Phrase,3.60,https://offres.mobilcube.com/entreposage-mobile.html,Enabled
FR | Search | Entreposage mobile,Rive-Sud (géo),entreposage mobile rive-sud,Exact,3.60,https://offres.mobilcube.com/entreposage-mobile.html,Enabled
FR | Search | Entreposage mobile,Montréal & Laval (géo),entreposage rive-nord,Phrase,3.15,https://offres.mobilcube.com/entreposage-mobile.html,Enabled
FR | Search | Entreposage mobile,Montréal & Laval (géo),entreposage terrebonne,Phrase,3.15,https://offres.mobilcube.com/entreposage-mobile.html,Enabled
FR | Search | Entreposage mobile,Montréal & Laval (géo),entreposage repentigny,Phrase,3.15,https://offres.mobilcube.com/entreposage-mobile.html,Enabled
FR | Search | Entreposage mobile,Rive-Sud (géo),entreposage boucherville,Phrase,3.60,https://offres.mobilcube.com/entreposage-mobile.html,Enabled
FR | Search | Entreposage mobile,Rive-Sud (géo),entreposage sainte-julie,Exact,3.15,https://offres.mobilcube.com/entreposage-mobile.html,Enabled
FR | Search | Entreposage mobile,Rive-Sud (géo),entreposage saint-hubert,Exact,3.15,https://offres.mobilcube.com/entreposage-mobile.html,Enabled
FR | Search | Entreposage mobile,Rive-Sud (géo),entreposage candiac,Exact,3.15,https://offres.mobilcube.com/entreposage-mobile.html,Enabled
FR | Search | Entreposage mobile,Montréal & Laval (géo),entreposage châteauguay,Phrase,3.15,https://offres.mobilcube.com/entreposage-mobile.html,Enabled
FR | Search | Entreposage mobile,Montréal & Laval (géo),entreposage vaudreuil,Phrase,3.15,https://offres.mobilcube.com/entreposage-mobile.html,Enabled
FR | Search | Entreposage mobile,Montréal & Laval (géo),entreposage west island,Phrase,3.60,https://offres.mobilcube.com/entreposage-mobile.html,Enabled
FR | Search | Entreposage mobile,Montréal & Laval (géo),entreposage pointe-claire,Exact,3.60,https://offres.mobilcube.com/entreposage-mobile.html,Enabled
FR | Search | Entreposage mobile,Montréal & Laval (géo),entreposage dollard-des-ormeaux,Exact,3.60,https://offres.mobilcube.com/entreposage-mobile.html,Enabled
FR | Search | Entreposage mobile,Montréal & Laval (géo),entreposage kirkland,Exact,3.60,https://offres.mobilcube.com/entreposage-mobile.html,Enabled
FR | Search | Entreposage mobile,Montréal & Laval (géo),entreposage laurentides,Phrase,2.70,https://offres.mobilcube.com/entreposage-mobile.html,Enabled
FR | Search | Entreposage mobile,Montréal & Laval (géo),entreposage saint-jérôme,Phrase,2.93,https://offres.mobilcube.com/entreposage-mobile.html,Enabled
FR | Search | Entreposage mobile,Montréal & Laval (géo),entreposage blainville,Phrase,3.15,https://offres.mobilcube.com/entreposage-mobile.html,Enabled
FR | Search | Entreposage mobile,Montréal & Laval (géo),entreposage mascouche,Exact,2.93,https://offres.mobilcube.com/entreposage-mobile.html,Enabled
FR | Search | Entreposage mobile,Montréal & Laval (géo),entreposage mirabel,Exact,2.70,https://offres.mobilcube.com/entreposage-mobile.html,Enabled
FR | Search | Entreposage mobile,Montréal & Laval (géo),conteneur entreposage laval,Exact,3.60,https://offres.mobilcube.com/entreposage-mobile.html,Enabled
FR | Search | Entreposage mobile,Rive-Sud (géo),conteneur entreposage rive-sud,Exact,3.60,https://offres.mobilcube.com/entreposage-mobile.html,Enabled
FR | Search | Entreposage mobile,Montréal & Laval (géo),entreposage hiver voiture laval,Exact,2.48,https://offres.mobilcube.com/entreposage-mobile.html,Enabled
FR | Search | Entreposage mobile,Montréal & Laval (géo),entreposage bateau laval,Exact,2.48,https://offres.mobilcube.com/entreposage-mobile.html,Enabled
EN | Search | Mobile storage,Mobile storage,mobile storage montreal,Phrase,6.00,https://offres.mobilcube.com/en/mobile-storage.html,Enabled
EN | Search | Mobile storage,Mobile storage,mobile storage montreal,Exact,6.00,https://offres.mobilcube.com/en/mobile-storage.html,Enabled
EN | Search | Mobile storage,Mobile storage,mobile storage,Phrase,5.85,https://offres.mobilcube.com/en/mobile-storage.html,Enabled
EN | Search | Mobile storage,Portable container,portable storage montreal,Phrase,6.00,https://offres.mobilcube.com/en/mobile-storage.html,Enabled
EN | Search | Mobile storage,Portable container,portable storage montreal,Exact,6.00,https://offres.mobilcube.com/en/mobile-storage.html,Enabled
EN | Search | Mobile storage,Portable container,portable storage containers,Phrase,6.00,https://offres.mobilcube.com/en/mobile-storage.html,Enabled
EN | Search | Mobile storage,Portable container,portable storage container rental,Phrase,6.00,https://offres.mobilcube.com/en/mobile-storage.html,Enabled
EN | Search | Mobile storage,Portable container,portable storage container rental,Exact,6.00,https://offres.mobilcube.com/en/mobile-storage.html,Enabled
EN | Search | Mobile storage,Portable container,storage container rental montreal,Phrase,6.00,https://offres.mobilcube.com/en/mobile-storage.html,Enabled
EN | Search | Mobile storage,Portable container,storage container rental montreal,Exact,6.00,https://offres.mobilcube.com/en/mobile-storage.html,Enabled
EN | Search | Mobile storage,Portable container,storage container rental,Phrase,6.00,https://offres.mobilcube.com/en/mobile-storage.html,Enabled
EN | Search | Mobile storage,Portable container,rent storage container,Phrase,6.00,https://offres.mobilcube.com/en/mobile-storage.html,Enabled
EN | Search | Mobile storage,Portable container,storage container delivered to your home,Phrase,6.00,https://offres.mobilcube.com/en/mobile-storage.html,Enabled
EN | Search | Mobile storage,Portable container,storage container delivery,Phrase,5.85,https://offres.mobilcube.com/en/mobile-storage.html,Enabled
EN | Search | Mobile storage,Portable container,moving containers montreal,Phrase,6.00,https://offres.mobilcube.com/en/mobile-storage.html,Enabled
EN | Search | Mobile storage,Portable container,moving containers montreal,Exact,6.00,https://offres.mobilcube.com/en/mobile-storage.html,Enabled
EN | Search | Mobile storage,Portable container,moving container rental,Phrase,6.00,https://offres.mobilcube.com/en/mobile-storage.html,Enabled
EN | Search | Mobile storage,Portable container,moving and storage containers,Phrase,6.00,https://offres.mobilcube.com/en/mobile-storage.html,Enabled
EN | Search | Mobile storage,Portable container,storage pods montreal,Phrase,6.00,https://offres.mobilcube.com/en/mobile-storage.html,Enabled
EN | Search | Mobile storage,Portable container,storage pods montreal,Exact,6.00,https://offres.mobilcube.com/en/mobile-storage.html,Enabled
EN | Search | Mobile storage,Portable container,storage pod rental,Phrase,6.00,https://offres.mobilcube.com/en/mobile-storage.html,Enabled
EN | Search | Mobile storage,Portable container,storage pods,Phrase,5.85,https://offres.mobilcube.com/en/mobile-storage.html,Enabled
EN | Search | Mobile storage,Mobile storage,storage cube rental,Phrase,5.40,https://offres.mobilcube.com/en/mobile-storage.html,Enabled
EN | Search | Mobile storage,Mobile storage,storage cube rental,Exact,5.40,https://offres.mobilcube.com/en/mobile-storage.html,Enabled
EN | Search | Mobile storage,Mobile storage,storage cube montreal,Phrase,5.40,https://offres.mobilcube.com/en/mobile-storage.html,Enabled
EN | Search | Mobile storage,Mobile storage,storage cube montreal,Exact,5.40,https://offres.mobilcube.com/en/mobile-storage.html,Enabled
EN | Search | Mobile storage,Mobile storage,storage cube delivered,Phrase,5.17,https://offres.mobilcube.com/en/mobile-storage.html,Enabled
EN | Search | Mobile storage,Portable container,on site storage container,Phrase,6.00,https://offres.mobilcube.com/en/mobile-storage.html,Enabled
EN | Search | Mobile storage,Portable container,storage container in driveway,Phrase,5.40,https://offres.mobilcube.com/en/mobile-storage.html,Enabled
EN | Search | Mobile storage,Portable container,temporary storage container renovation,Phrase,6.00,https://offres.mobilcube.com/en/mobile-storage.html,Enabled
EN | Search | Mobile storage,Mobile storage,self storage alternative delivered,Phrase,4.95,https://offres.mobilcube.com/en/mobile-storage.html,Enabled
EN | Search | Mobile storage,"Self storage alternative (test, paused)",storage units near me,Exact,6.00,https://offres.mobilcube.com/en/mobile-storage.html,Paused
EN | Search | Mobile storage,"Self storage alternative (test, paused)",self storage montreal,Exact,6.00,https://offres.mobilcube.com/en/mobile-storage.html,Paused
EN | Search | Mobile storage,"Self storage alternative (test, paused)",storage montreal,Phrase,6.00,https://offres.mobilcube.com/en/mobile-storage.html,Paused
EN | Search | Mobile storage,"Self storage alternative (test, paused)",heated storage montreal,Phrase,6.00,https://offres.mobilcube.com/en/mobile-storage.html,Paused
EN | Search | Mobile storage,"Self storage alternative (test, paused)",heated storage montreal,Exact,6.00,https://offres.mobilcube.com/en/mobile-storage.html,Paused
EN | Search | Mobile storage,West Island & geo,storage west island,Phrase,6.00,https://offres.mobilcube.com/en/mobile-storage.html,Enabled
EN | Search | Mobile storage,West Island & geo,storage west island,Exact,6.00,https://offres.mobilcube.com/en/mobile-storage.html,Enabled
EN | Search | Mobile storage,West Island & geo,mobile storage west island,Phrase,5.85,https://offres.mobilcube.com/en/mobile-storage.html,Enabled
EN | Search | Mobile storage,West Island & geo,mobile storage west island,Exact,5.85,https://offres.mobilcube.com/en/mobile-storage.html,Enabled
EN | Search | Mobile storage,West Island & geo,storage pointe claire,Phrase,6.00,https://offres.mobilcube.com/en/mobile-storage.html,Enabled
EN | Search | Mobile storage,West Island & geo,storage pointe claire,Exact,6.00,https://offres.mobilcube.com/en/mobile-storage.html,Enabled
EN | Search | Mobile storage,West Island & geo,storage dollard des ormeaux,Phrase,6.00,https://offres.mobilcube.com/en/mobile-storage.html,Enabled
EN | Search | Mobile storage,West Island & geo,storage dollard des ormeaux,Exact,6.00,https://offres.mobilcube.com/en/mobile-storage.html,Enabled
EN | Search | Mobile storage,West Island & geo,storage kirkland,Phrase,6.00,https://offres.mobilcube.com/en/mobile-storage.html,Enabled
EN | Search | Mobile storage,West Island & geo,storage kirkland,Exact,6.00,https://offres.mobilcube.com/en/mobile-storage.html,Enabled
EN | Search | Mobile storage,West Island & geo,storage beaconsfield,Phrase,6.00,https://offres.mobilcube.com/en/mobile-storage.html,Enabled
EN | Search | Mobile storage,West Island & geo,storage beaconsfield,Exact,6.00,https://offres.mobilcube.com/en/mobile-storage.html,Enabled
EN | Search | Mobile storage,West Island & geo,storage westmount,Phrase,6.00,https://offres.mobilcube.com/en/mobile-storage.html,Enabled
EN | Search | Mobile storage,West Island & geo,storage westmount,Exact,6.00,https://offres.mobilcube.com/en/mobile-storage.html,Enabled
EN | Search | Mobile storage,West Island & geo,storage ndg,Phrase,6.00,https://offres.mobilcube.com/en/mobile-storage.html,Enabled
EN | Search | Mobile storage,West Island & geo,storage ndg,Exact,6.00,https://offres.mobilcube.com/en/mobile-storage.html,Enabled
EN | Search | Mobile storage,West Island & geo,storage lachine,Phrase,6.00,https://offres.mobilcube.com/en/mobile-storage.html,Enabled
EN | Search | Mobile storage,West Island & geo,storage lachine,Exact,6.00,https://offres.mobilcube.com/en/mobile-storage.html,Enabled
EN | Search | Mobile storage,West Island & geo,storage vaudreuil,Phrase,6.00,https://offres.mobilcube.com/en/mobile-storage.html,Enabled
EN | Search | Mobile storage,West Island & geo,storage vaudreuil,Exact,6.00,https://offres.mobilcube.com/en/mobile-storage.html,Enabled
EN | Search | Mobile storage,West Island & geo,storage hudson quebec,Phrase,5.40,https://offres.mobilcube.com/en/mobile-storage.html,Enabled
EN | Search | Mobile storage,West Island & geo,storage hudson quebec,Exact,5.40,https://offres.mobilcube.com/en/mobile-storage.html,Enabled
EN | Search | Mobile storage,West Island & geo,storage laval,Phrase,6.00,https://offres.mobilcube.com/en/mobile-storage.html,Enabled
EN | Search | Mobile storage,West Island & geo,storage laval,Exact,6.00,https://offres.mobilcube.com/en/mobile-storage.html,Enabled
EN | Search | Mobile storage,West Island & geo,storage south shore montreal,Phrase,6.00,https://offres.mobilcube.com/en/mobile-storage.html,Enabled
EN | Search | Mobile storage,West Island & geo,storage south shore montreal,Exact,6.00,https://offres.mobilcube.com/en/mobile-storage.html,Enabled
EN | Search | Mobile storage,West Island & geo,storage brossard,Phrase,6.00,https://offres.mobilcube.com/en/mobile-storage.html,Enabled
EN | Search | Mobile storage,West Island & geo,storage brossard,Exact,6.00,https://offres.mobilcube.com/en/mobile-storage.html,Enabled
EN | Search | Mobile storage,West Island & geo,storage downtown montreal,Phrase,6.00,https://offres.mobilcube.com/en/mobile-storage.html,Enabled
EN | Search | Mobile storage,West Island & geo,storage downtown montreal,Exact,6.00,https://offres.mobilcube.com/en/mobile-storage.html,Enabled
EN | Search | Mobile storage,West Island & geo,storage container rental west island,Phrase,6.00,https://offres.mobilcube.com/en/mobile-storage.html,Enabled
EN | Search | Mobile storage,West Island & geo,storage container rental west island,Exact,6.00,https://offres.mobilcube.com/en/mobile-storage.html,Enabled
EN | Search | Winter vehicle,Winter car storage,winter car storage montreal,Phrase,4.73,https://offres.mobilcube.com/en/winter-vehicle-storage.html,Enabled
EN | Search | Winter vehicle,Winter car storage,winter car storage montreal,Exact,4.73,https://offres.mobilcube.com/en/winter-vehicle-storage.html,Enabled
EN | Search | Winter vehicle,Winter car storage,winter car storage,Phrase,4.28,https://offres.mobilcube.com/en/winter-vehicle-storage.html,Enabled
EN | Search | Winter vehicle,Winter car storage,car storage montreal,Phrase,4.73,https://offres.mobilcube.com/en/winter-vehicle-storage.html,Enabled
EN | Search | Winter vehicle,Winter car storage,car storage montreal,Exact,4.73,https://offres.mobilcube.com/en/winter-vehicle-storage.html,Enabled
EN | Search | Winter vehicle,Winter car storage,indoor car storage montreal,Phrase,4.73,https://offres.mobilcube.com/en/winter-vehicle-storage.html,Enabled
EN | Search | Winter vehicle,Winter car storage,indoor car storage montreal,Exact,4.73,https://offres.mobilcube.com/en/winter-vehicle-storage.html,Enabled
EN | Search | Winter vehicle,Winter car storage,heated car storage montreal,Phrase,4.73,https://offres.mobilcube.com/en/winter-vehicle-storage.html,Enabled
EN | Search | Winter vehicle,Winter car storage,heated car storage montreal,Exact,4.73,https://offres.mobilcube.com/en/winter-vehicle-storage.html,Enabled
EN | Search | Winter vehicle,Winter car storage,classic car storage montreal,Phrase,4.95,https://offres.mobilcube.com/en/winter-vehicle-storage.html,Enabled
EN | Search | Winter vehicle,Winter car storage,classic car storage montreal,Exact,4.95,https://offres.mobilcube.com/en/winter-vehicle-storage.html,Enabled
EN | Search | Winter vehicle,Winter car storage,car storage west island,Phrase,4.73,https://offres.mobilcube.com/en/winter-vehicle-storage.html,Enabled
EN | Search | Winter vehicle,Winter car storage,car storage west island,Exact,4.73,https://offres.mobilcube.com/en/winter-vehicle-storage.html,Enabled
EN | Search | Winter vehicle,Winter car storage,vehicle storage montreal,Phrase,4.73,https://offres.mobilcube.com/en/winter-vehicle-storage.html,Enabled
EN | Search | Winter vehicle,Winter car storage,vehicle storage montreal,Exact,4.73,https://offres.mobilcube.com/en/winter-vehicle-storage.html,Enabled
EN | Search | Winter vehicle,Winter car storage,winter vehicle storage near me,Phrase,4.28,https://offres.mobilcube.com/en/winter-vehicle-storage.html,Enabled
EN | Search | Winter vehicle,Motorcycle & ATV,motorcycle winter storage montreal,Phrase,3.60,https://offres.mobilcube.com/en/winter-vehicle-storage.html,Enabled
EN | Search | Winter vehicle,Motorcycle & ATV,motorcycle winter storage montreal,Exact,3.60,https://offres.mobilcube.com/en/winter-vehicle-storage.html,Enabled
EN | Search | Winter vehicle,Motorcycle & ATV,motorcycle storage montreal,Phrase,3.60,https://offres.mobilcube.com/en/winter-vehicle-storage.html,Enabled
EN | Search | Winter vehicle,Motorcycle & ATV,motorcycle storage montreal,Exact,3.60,https://offres.mobilcube.com/en/winter-vehicle-storage.html,Enabled
EN | Search | Winter vehicle,"Boat (test, paused)",boat storage montreal,Phrase,4.28,https://offres.mobilcube.com/en/winter-vehicle-storage.html,Paused
EN | Search | Winter vehicle,"Boat (test, paused)",boat storage montreal,Exact,4.28,https://offres.mobilcube.com/en/winter-vehicle-storage.html,Paused
EN | Search | Winter vehicle,"Boat (test, paused)",winter boat storage,Phrase,4.28,https://offres.mobilcube.com/en/winter-vehicle-storage.html,Paused
EN | Search | Winter vehicle,"Boat (test, paused)",boat storage west island,Phrase,4.05,https://offres.mobilcube.com/en/winter-vehicle-storage.html,Paused
EN | Search | Winter vehicle,"Boat (test, paused)",boat storage west island,Exact,4.05,https://offres.mobilcube.com/en/winter-vehicle-storage.html,Paused
EN | Search | Winter vehicle,Boat & PWC,jet ski storage montreal,Phrase,3.38,https://offres.mobilcube.com/en/winter-vehicle-storage.html,Enabled
EN | Search | Winter vehicle,Boat & PWC,jet ski storage montreal,Exact,3.38,https://offres.mobilcube.com/en/winter-vehicle-storage.html,Enabled
EN | Search | Winter vehicle,Motorcycle & ATV,atv storage montreal,Phrase,3.38,https://offres.mobilcube.com/en/winter-vehicle-storage.html,Enabled
EN | Search | Winter vehicle,Motorcycle & ATV,atv storage montreal,Exact,3.38,https://offres.mobilcube.com/en/winter-vehicle-storage.html,Enabled
EN | Search | Winter vehicle,Motorcycle & ATV,snowmobile storage montreal,Phrase,3.38,https://offres.mobilcube.com/en/winter-vehicle-storage.html,Enabled
EN | Search | Winter vehicle,Motorcycle & ATV,snowmobile storage montreal,Exact,3.38,https://offres.mobilcube.com/en/winter-vehicle-storage.html,Enabled
EN | Search | Winter vehicle,Winter car storage,winter storage for car near me,Phrase,4.28,https://offres.mobilcube.com/en/winter-vehicle-storage.html,Enabled
EN | Search | Winter vehicle,Winter car storage,where to store car for winter montreal,Phrase,3.60,https://offres.mobilcube.com/en/winter-vehicle-storage.html,Enabled
EN | Search | Winter vehicle,Winter car storage,car storage cost per month montreal,Phrase,4.05,https://offres.mobilcube.com/en/winter-vehicle-storage.html,Enabled
EN | Search | Winter vehicle,Winter car storage,tire storage montreal,Exact,2.93,https://offres.mobilcube.com/en/winter-vehicle-storage.html,Enabled
EN | Search | Commercial patio,Patio furniture,patio furniture storage montreal,Phrase,5.00,https://offres.mobilcube.com/en/patio-storage.html,Enabled
EN | Search | Commercial patio,Patio furniture,patio furniture storage montreal,Exact,5.00,https://offres.mobilcube.com/en/patio-storage.html,Enabled
EN | Search | Commercial patio,Patio furniture,patio furniture storage,Phrase,4.95,https://offres.mobilcube.com/en/patio-storage.html,Enabled
EN | Search | Commercial patio,Patio furniture,restaurant terrace storage,Phrase,5.00,https://offres.mobilcube.com/en/patio-storage.html,Enabled
EN | Search | Commercial patio,Patio furniture,restaurant patio furniture storage,Phrase,5.00,https://offres.mobilcube.com/en/patio-storage.html,Enabled
EN | Search | Commercial patio,Business seasonal,commercial seasonal storage montreal,Phrase,5.00,https://offres.mobilcube.com/en/patio-storage.html,Enabled
EN | Search | Commercial patio,Business seasonal,commercial seasonal storage montreal,Exact,5.00,https://offres.mobilcube.com/en/patio-storage.html,Enabled
EN | Search | Commercial patio,Business seasonal,seasonal storage montreal,Phrase,5.00,https://offres.mobilcube.com/en/patio-storage.html,Enabled
EN | Search | Commercial patio,Business seasonal,seasonal storage montreal,Exact,5.00,https://offres.mobilcube.com/en/patio-storage.html,Enabled
EN | Search | Commercial patio,Business seasonal,business storage montreal,Phrase,5.00,https://offres.mobilcube.com/en/patio-storage.html,Enabled
EN | Search | Commercial patio,Business seasonal,business storage montreal,Exact,5.00,https://offres.mobilcube.com/en/patio-storage.html,Enabled
EN | Search | Commercial patio,Business seasonal,commercial storage container rental montreal,Phrase,5.00,https://offres.mobilcube.com/en/patio-storage.html,Enabled
EN | Search | Commercial patio,Business seasonal,commercial storage container rental montreal,Exact,5.00,https://offres.mobilcube.com/en/patio-storage.html,Enabled
EN | Search | Commercial patio,Business seasonal,inventory storage montreal,Phrase,5.00,https://offres.mobilcube.com/en/patio-storage.html,Enabled
EN | Search | Commercial patio,Business seasonal,inventory storage montreal,Exact,5.00,https://offres.mobilcube.com/en/patio-storage.html,Enabled
EN | Search | Commercial patio,Business seasonal,storage container for business,Phrase,5.00,https://offres.mobilcube.com/en/patio-storage.html,Enabled
EN | Search | Commercial patio,Business seasonal,jobsite storage container rental montreal,Phrase,5.00,https://offres.mobilcube.com/en/patio-storage.html,Enabled
EN | Search | Commercial patio,Business seasonal,jobsite storage container rental montreal,Exact,5.00,https://offres.mobilcube.com/en/patio-storage.html,Enabled
EN | Search | Commercial patio,Business seasonal,landscaping equipment winter storage,Phrase,5.00,https://offres.mobilcube.com/en/patio-storage.html,Enabled
EN | Search | Commercial patio,Patio furniture,hotel patio storage winter,Phrase,5.00,https://offres.mobilcube.com/en/patio-storage.html,Enabled
EN | Search | Commercial patio,Business seasonal,condo storage container rental,Phrase,5.00,https://offres.mobilcube.com/en/patio-storage.html,Enabled
EN | Search | Commercial patio,Patio furniture,store patio heaters winter,Phrase,4.05,https://offres.mobilcube.com/en/patio-storage.html,Enabled
EN | Search | Commercial patio,Business seasonal,film production storage container montreal,Phrase,5.00,https://offres.mobilcube.com/en/patio-storage.html,Enabled
EN | Search | Commercial patio,Business seasonal,office renovation storage container,Phrase,5.00,https://offres.mobilcube.com/en/patio-storage.html,Enabled
FR+EN | Search | Concurrents,Competitors EN,pods montreal,Phrase,2.50,https://offres.mobilcube.com/en/mobile-storage.html,Enabled
FR+EN | Search | Concurrents,Competitors EN,pods montreal,Exact,2.50,https://offres.mobilcube.com/en/mobile-storage.html,Enabled
FR+EN | Search | Concurrents,Competitors EN,pods storage montreal,Exact,2.50,https://offres.mobilcube.com/en/mobile-storage.html,Enabled
FR+EN | Search | Concurrents,Competitors EN,pods cost montreal,Exact,2.50,https://offres.mobilcube.com/en/mobile-storage.html,Enabled
FR+EN | Search | Concurrents,Competitors EN,cubeit montreal,Exact,2.48,https://offres.mobilcube.com/en/mobile-storage.html,Enabled
FR+EN | Search | Concurrents,Competitors EN,cubeit storage,Exact,2.48,https://offres.mobilcube.com/en/mobile-storage.html,Enabled
FR+EN | Search | Concurrents,Competitors EN,gocube montreal,Exact,2.48,https://offres.mobilcube.com/en/mobile-storage.html,Enabled
FR+EN | Search | Concurrents,Competitors EN,go cube storage,Phrase,2.48,https://offres.mobilcube.com/en/mobile-storage.html,Enabled
FR+EN | Search | Concurrents,Competitors EN,go cube storage,Exact,2.48,https://offres.mobilcube.com/en/mobile-storage.html,Enabled
FR+EN | Search | Concurrents,Competitors EN,u-box montreal,Exact,2.48,https://offres.mobilcube.com/en/mobile-storage.html,Enabled
FR+EN | Search | Concurrents,Competitors EN,uhaul storage containers,Exact,2.48,https://offres.mobilcube.com/en/mobile-storage.html,Enabled
FR+EN | Search | Concurrents,Competitors EN,bigsteelbox montreal,Exact,1.80,https://offres.mobilcube.com/en/mobile-storage.html,Enabled
FR+EN | Search | Concurrents,Competitors EN,depotium car storage,Exact,2.50,https://offres.mobilcube.com/en/mobile-storage.html,Enabled
FR+EN | Search | Concurrents,Competitors EN,public storage montreal car storage,Exact,2.50,https://offres.mobilcube.com/en/mobile-storage.html,Enabled
FR+EN | Search | Marque,MobilCube,mobilcube,Exact,1.60,https://offres.mobilcube.com/,Enabled
FR+EN | Search | Marque,MobilCube,mobilcube,Phrase,1.60,https://offres.mobilcube.com/,Enabled
FR+EN | Search | Marque,MobilCube,mobil cube,Exact,1.60,https://offres.mobilcube.com/,Enabled
FR+EN | Search | Marque,MobilCube,mobil cube,Phrase,1.60,https://offres.mobilcube.com/,Enabled
FR+EN | Search | Marque,MobilCube,mobilcube boucherville,Exact,1.60,https://offres.mobilcube.com/,Enabled
FR+EN | Search | Marque,MobilCube,mobilcube boucherville,Phrase,1.60,https://offres.mobilcube.com/,Enabled
FR+EN | Search | Marque,MobilCube,mobilcube prix,Exact,1.60,https://offres.mobilcube.com/,Enabled
FR+EN | Search | Marque,MobilCube,mobilcube prix,Phrase,1.60,https://offres.mobilcube.com/,Enabled
FR+EN | Search | Marque,MobilCube,mobilcube avis,Exact,1.60,https://offres.mobilcube.com/,Enabled
FR+EN | Search | Marque,MobilCube,mobilcube avis,Phrase,1.60,https://offres.mobilcube.com/,Enabled
FR+EN | Search | Marque,MobilCube,mobilcube entreposage,Exact,1.60,https://offres.mobilcube.com/,Enabled
FR+EN | Search | Marque,MobilCube,mobilcube entreposage,Phrase,1.60,https://offres.mobilcube.com/,Enabled
FR+EN | Search | Marque,MobilCube,mobilcube storage,Exact,1.60,https://offres.mobilcube.com/,Enabled
FR+EN | Search | Marque,MobilCube,mobilcube storage,Phrase,1.60,https://offres.mobilcube.com/,Enabled
FR+EN | Search | Marque,MobilCube,mobilcube reviews,Exact,1.60,https://offres.mobilcube.com/,Enabled
FR+EN | Search | Marque,MobilCube,mobilcube reviews,Phrase,1.60,https://offres.mobilcube.com/,Enabled
FR+EN | Search | Marque,MobilCube,mobil cube montreal,Exact,1.60,https://offres.mobilcube.com/,Enabled
FR+EN | Search | Marque,MobilCube,mobil cube montreal,Phrase,1.60,https://offres.mobilcube.com/,Enabled
FR+EN | Search | Concurrents,Concurrents FR,pods montréal,Exact,2.00,https://offres.mobilcube.com/entreposage-mobile.html,Enabled
FR+EN | Search | Concurrents,Concurrents FR,pods entreposage,Exact,2.00,https://offres.mobilcube.com/entreposage-mobile.html,Enabled
FR+EN | Search | Concurrents,Concurrents FR,conteneur pods,Exact,2.00,https://offres.mobilcube.com/entreposage-mobile.html,Enabled
FR+EN | Search | Concurrents,Concurrents FR,pods prix,Exact,2.00,https://offres.mobilcube.com/entreposage-mobile.html,Enabled
FR+EN | Search | Concurrents,Concurrents FR,cubeit montréal,Exact,2.00,https://offres.mobilcube.com/entreposage-mobile.html,Enabled
FR+EN | Search | Concurrents,Concurrents FR,cubeit prix,Exact,2.00,https://offres.mobilcube.com/entreposage-mobile.html,Enabled
FR+EN | Search | Concurrents,Concurrents FR,cube it entreposage,Exact,2.00,https://offres.mobilcube.com/entreposage-mobile.html,Enabled
FR+EN | Search | Concurrents,Concurrents FR,gocube prix,Exact,2.00,https://offres.mobilcube.com/entreposage-mobile.html,Enabled
FR+EN | Search | Concurrents,Concurrents FR,go cube montréal,Exact,2.00,https://offres.mobilcube.com/entreposage-mobile.html,Enabled
FR+EN | Search | Concurrents,Concurrents FR,gocube entreposage,Exact,2.00,https://offres.mobilcube.com/entreposage-mobile.html,Enabled
FR+EN | Search | Concurrents,Concurrents FR,u-box montréal,Exact,2.00,https://offres.mobilcube.com/entreposage-mobile.html,Enabled
FR+EN | Search | Concurrents,Concurrents FR,ubox entreposage,Exact,2.00,https://offres.mobilcube.com/entreposage-mobile.html,Enabled
FR+EN | Search | Concurrents,Concurrents FR,bigsteelbox montréal,Exact,2.00,https://offres.mobilcube.com/entreposage-mobile.html,Enabled
FR | Search | Vehicules hiver,Auto hiver,entreposage auto hiver rive-sud,Phrase,2.80,https://offres.mobilcube.com/vehicules-hiver.html,Enabled
FR | Search | Vehicules hiver,Auto hiver,entreposage auto hiver rive-sud,Exact,2.80,https://offres.mobilcube.com/vehicules-hiver.html,Enabled
FR | Search | Vehicules hiver,Auto hiver,entreposage voiture hiver longueuil,Phrase,2.80,https://offres.mobilcube.com/vehicules-hiver.html,Enabled
FR | Search | Vehicules hiver,Auto hiver,entreposage voiture hiver longueuil,Exact,2.80,https://offres.mobilcube.com/vehicules-hiver.html,Enabled
FR | Search | Vehicules hiver,Auto hiver,entreposage voiture hiver brossard,Phrase,2.80,https://offres.mobilcube.com/vehicules-hiver.html,Enabled
FR | Search | Vehicules hiver,Auto hiver,entreposage voiture hiver brossard,Exact,2.80,https://offres.mobilcube.com/vehicules-hiver.html,Enabled
FR | Search | Vehicules hiver,Auto hiver,remisage auto hiver montréal,Phrase,2.80,https://offres.mobilcube.com/vehicules-hiver.html,Enabled
FR | Search | Vehicules hiver,Auto hiver,remisage auto hiver montréal,Exact,2.80,https://offres.mobilcube.com/vehicules-hiver.html,Enabled
FR | Search | Vehicules hiver,Auto hiver,où entreposer sa voiture l'hiver,Exact,2.80,https://offres.mobilcube.com/vehicules-hiver.html,Enabled
FR | Search | Vehicules hiver,Auto hiver,entreposage véhicule hiver boucherville,Phrase,2.80,https://offres.mobilcube.com/vehicules-hiver.html,Enabled
FR | Search | Vehicules hiver,Auto hiver,entreposage véhicule hiver boucherville,Exact,2.80,https://offres.mobilcube.com/vehicules-hiver.html,Enabled
FR | Search | Vehicules hiver,Motomarine & petit bateau,entreposage motomarine hiver,Phrase,2.80,https://offres.mobilcube.com/vehicules-hiver.html,Enabled
FR | Search | Vehicules hiver,Motomarine & petit bateau,entreposage motomarine hiver,Exact,2.80,https://offres.mobilcube.com/vehicules-hiver.html,Enabled
FR | Search | Vehicules hiver,Motomarine & petit bateau,entreposage sea-doo hiver,Phrase,2.80,https://offres.mobilcube.com/vehicules-hiver.html,Enabled
FR | Search | Vehicules hiver,Motomarine & petit bateau,entreposage sea-doo hiver,Exact,2.80,https://offres.mobilcube.com/vehicules-hiver.html,Enabled
FR | Search | Vehicules hiver,Motomarine & petit bateau,entreposage jet ski montréal,Phrase,2.80,https://offres.mobilcube.com/vehicules-hiver.html,Enabled
FR | Search | Vehicules hiver,Motomarine & petit bateau,entreposage jet ski montréal,Exact,2.80,https://offres.mobilcube.com/vehicules-hiver.html,Enabled
FR | Search | Vehicules hiver,Motomarine & petit bateau,entreposage petit bateau hiver,Phrase,2.80,https://offres.mobilcube.com/vehicules-hiver.html,Enabled
FR | Search | Vehicules hiver,Motomarine & petit bateau,entreposage petit bateau hiver,Exact,2.80,https://offres.mobilcube.com/vehicules-hiver.html,Enabled
FR | Search | Vehicules hiver,Motomarine & petit bateau,entreposage chaloupe hiver,Phrase,2.80,https://offres.mobilcube.com/vehicules-hiver.html,Enabled
FR | Search | Vehicules hiver,Motomarine & petit bateau,entreposage chaloupe hiver,Exact,2.80,https://offres.mobilcube.com/vehicules-hiver.html,Enabled
FR | Search | Terrasse commercial,Restaurant & bar,entreposage terrasse restaurant montréal,Phrase,2.40,https://offres.mobilcube.com/terrasse-commerciale.html,Enabled
FR | Search | Terrasse commercial,Restaurant & bar,entreposage terrasse restaurant montréal,Exact,2.40,https://offres.mobilcube.com/terrasse-commerciale.html,Enabled
FR | Search | Terrasse commercial,Restaurant & bar,rangement terrasse restaurant hiver,Phrase,2.40,https://offres.mobilcube.com/terrasse-commerciale.html,Enabled
FR | Search | Terrasse commercial,Restaurant & bar,rangement terrasse restaurant hiver,Exact,2.40,https://offres.mobilcube.com/terrasse-commerciale.html,Enabled
FR | Search | Terrasse commercial,Restaurant & bar,entreposage mobilier restaurant,Phrase,2.40,https://offres.mobilcube.com/terrasse-commerciale.html,Enabled
FR | Search | Terrasse commercial,Restaurant & bar,entreposage mobilier restaurant,Exact,2.40,https://offres.mobilcube.com/terrasse-commerciale.html,Enabled
FR | Search | Terrasse commercial,Restaurant & bar,entreposage chauffe-terrasse,Phrase,2.40,https://offres.mobilcube.com/terrasse-commerciale.html,Enabled
FR | Search | Terrasse commercial,Restaurant & bar,entreposage chauffe-terrasse,Exact,2.40,https://offres.mobilcube.com/terrasse-commerciale.html,Enabled
FR | Search | Terrasse commercial,Restaurant & bar,où entreposer mobilier de terrasse,Phrase,2.40,https://offres.mobilcube.com/terrasse-commerciale.html,Enabled
FR | Search | Terrasse commercial,Restaurant & bar,où entreposer mobilier de terrasse,Exact,2.40,https://offres.mobilcube.com/terrasse-commerciale.html,Enabled
FR | Search | Terrasse commercial,Restaurant & bar,entreposage terrasse bar,Phrase,2.40,https://offres.mobilcube.com/terrasse-commerciale.html,Enabled
FR | Search | Terrasse commercial,Restaurant & bar,entreposage terrasse bar,Exact,2.40,https://offres.mobilcube.com/terrasse-commerciale.html,Enabled
EN | Search | Winter vehicle,Winter car storage,winter car storage west island,Phrase,4.80,https://offres.mobilcube.com/en/winter-vehicle-storage.html,Enabled
EN | Search | Winter vehicle,Winter car storage,winter car storage west island,Exact,4.80,https://offres.mobilcube.com/en/winter-vehicle-storage.html,Enabled
EN | Search | Winter vehicle,Winter car storage,winter car storage south shore,Phrase,4.80,https://offres.mobilcube.com/en/winter-vehicle-storage.html,Enabled
EN | Search | Winter vehicle,Winter car storage,winter car storage south shore,Exact,4.80,https://offres.mobilcube.com/en/winter-vehicle-storage.html,Enabled
EN | Search | Winter vehicle,Winter car storage,car storage container montreal,Phrase,4.80,https://offres.mobilcube.com/en/winter-vehicle-storage.html,Enabled
EN | Search | Winter vehicle,Winter car storage,car storage container montreal,Exact,4.80,https://offres.mobilcube.com/en/winter-vehicle-storage.html,Enabled
EN | Search | Winter vehicle,Winter car storage,where to store car for winter montreal,Exact,4.80,https://offres.mobilcube.com/en/winter-vehicle-storage.html,Enabled
EN | Search | Commercial patio,Patio furniture,restaurant patio storage montreal,Phrase,4.00,https://offres.mobilcube.com/en/patio-storage.html,Enabled
EN | Search | Commercial patio,Patio furniture,restaurant patio storage montreal,Exact,4.00,https://offres.mobilcube.com/en/patio-storage.html,Enabled
EN | Search | Commercial patio,Patio furniture,terrace furniture winter storage,Phrase,4.00,https://offres.mobilcube.com/en/patio-storage.html,Enabled
EN | Search | Commercial patio,Patio furniture,terrace furniture winter storage,Exact,4.00,https://offres.mobilcube.com/en/patio-storage.html,Enabled
EN | Search | Commercial patio,Patio furniture,patio heater storage montreal,Phrase,4.00,https://offres.mobilcube.com/en/patio-storage.html,Enabled
EN | Search | Commercial patio,Patio furniture,patio heater storage montreal,Exact,4.00,https://offres.mobilcube.com/en/patio-storage.html,Enabled
EN | Search | Commercial patio,Patio furniture,where to store patio furniture montreal,Phrase,4.00,https://offres.mobilcube.com/en/patio-storage.html,Enabled
EN | Search | Commercial patio,Patio furniture,where to store patio furniture montreal,Exact,4.00,https://offres.mobilcube.com/en/patio-storage.html,Enabled
