Campaign,Ad Group,Ad type,Headline 1,Headline 2,Headline 3,Headline 4,Headline 5,Headline 6,Headline 7,Headline 8,Headline 9,Headline 10,Headline 11,Headline 12,Headline 13,Headline 14,Headline 15,Headline 1 position,Headline 2 position,Description 1,Description 2,Description 3,Description 4,Path 1,Path 2,Final URL,Status
FR | Search | Entreposage mobile,Entreposage mobile,Responsive search ad,Entreposage mobile Rive-Sud,"Un seul conteneur, 160 pi²",Le contenu d'un 5 ½ entier,Chargez à votre rythme,Chez vous ou à notre entrepôt,Dès 180 $/mois (24 mois),"Entrepôt chauffé, Boucherville",Accès 24/7 dans votre entrée,"Prix affichés, zéro surprise",Soumission en 60 secondes,"Livraison 300 $, 15 km inclus",MobilCube | Entreposage mobile,"Rive-Sud, Montréal et Laval",Aucun frais d'administration,Appelez : réponse immédiate,1,2,"Conteneur d'acier de 20 pi (160 pi²) livré chez vous. Chargez au sol, à votre rythme.","350 $/mois sans engagement, 270 $/mois sur 6 mois, dès 180 $ sur 24 mois. Livraison 300 $.",Gardez-le dans votre entrée ou envoyez-le à notre entrepôt chauffé. Soumission en 60 s.,"Basés à Boucherville. Livraison Rive-Sud, Montréal, Laval. Appelez-nous, on répond.",mobile,rive-sud,https://www.mobilcube.com/fr/prix-location/,Enabled
FR | Search | Entreposage mobile,Conteneur d'entreposage,Responsive search ad,Entreposage mobile Rive-Sud,"Un seul conteneur, 160 pi²",Le contenu d'un 5 ½ entier,Chargez à votre rythme,Chez vous ou à notre entrepôt,Dès 180 $/mois (24 mois),"Entrepôt chauffé, Boucherville",Accès 24/7 dans votre entrée,"Prix affichés, zéro surprise",Soumission en 60 secondes,"Livraison 300 $, 15 km inclus",MobilCube | Entreposage mobile,"Rive-Sud, Montréal et Laval",Aucun frais d'administration,Appelez : réponse immédiate,1,2,"Conteneur d'acier de 20 pi (160 pi²) livré chez vous. Chargez au sol, à votre rythme.","350 $/mois sans engagement, 270 $/mois sur 6 mois, dès 180 $ sur 24 mois. Livraison 300 $.",Gardez-le dans votre entrée ou envoyez-le à notre entrepôt chauffé. Soumission en 60 s.,"Basés à Boucherville. Livraison Rive-Sud, Montréal, Laval. Appelez-nous, on répond.",mobile,rive-sud,https://www.mobilcube.com/fr/prix-location/,Enabled
FR | Search | Entreposage mobile,Cube d'entreposage,Responsive search ad,Entreposage mobile Rive-Sud,"Un seul conteneur, 160 pi²",Le contenu d'un 5 ½ entier,Chargez à votre rythme,Chez vous ou à notre entrepôt,Dès 180 $/mois (24 mois),"Entrepôt chauffé, Boucherville",Accès 24/7 dans votre entrée,"Prix affichés, zéro surprise",Soumission en 60 secondes,"Livraison 300 $, 15 km inclus",MobilCube | Entreposage mobile,"Rive-Sud, Montréal et Laval",Aucun frais d'administration,Appelez : réponse immédiate,1,2,"Conteneur d'acier de 20 pi (160 pi²) livré chez vous. Chargez au sol, à votre rythme.","350 $/mois sans engagement, 270 $/mois sur 6 mois, dès 180 $ sur 24 mois. Livraison 300 $.",Gardez-le dans votre entrée ou envoyez-le à notre entrepôt chauffé. Soumission en 60 s.,"Basés à Boucherville. Livraison Rive-Sud, Montréal, Laval. Appelez-nous, on répond.",mobile,rive-sud,https://www.mobilcube.com/fr/prix-location/,Enabled
FR | Search | Vehicules hiver,Auto hiver,Responsive search ad,270 $/mois sur 6 mois,Votre auto à l'abri cet hiver,Remisage hiver dans l'entrée,Fini le sel et la neige,"Moto, VTT, motoneige acceptés",Coffre-fort d'acier de 20 pi,Aucun trajet vers un entrepôt,Accès 24/7 dans votre entrée,"Prix affichés, zéro surprise",Soumission en 60 secondes,"Livraison 300 $, 15 km inclus",MobilCube | Entreposage mobile,"Rive-Sud, Montréal et Laval",Aucun frais d'administration,Appelez : réponse immédiate,1,2,Conteneur d'acier de 20 pi livré chez vous : votre auto passe l'hiver à l'abri du sel.,"270 $/mois sur 6 mois, livraison 300 $ (15 km inclus). Soumission en ligne en 60 s.","Moto, VTT, motoneige, motomarine ou auto : chargez au sol, accès 24/7 chez vous.","Basés à Boucherville. Livraison Rive-Sud, Montréal, Laval. Appelez-nous, on répond.",entreposage,hiver,https://www.mobilcube.com/fr/prix-location/,Enabled
FR | Search | Vehicules hiver,Voiture collection,Responsive search ad,Voiture de collection protégée,270 $/mois sur 6 mois,Remisage hiver dans l'entrée,Fini le sel et la neige,Coffre-fort d'acier de 20 pi,Aucun trajet vers un entrepôt,Accès 24/7 dans votre entrée,Avant le 1er décembre,"Prix affichés, zéro surprise",Soumission en 60 secondes,"Livraison 300 $, 15 km inclus",MobilCube | Entreposage mobile,"Rive-Sud, Montréal et Laval",Aucun frais d'administration,Appelez : réponse immédiate,1,2,"Votre voiture de collection passe l'hiver dans un conteneur d'acier de 20 pi, chez vous.","270 $/mois sur 6 mois, livraison 300 $ (15 km inclus). Soumission en ligne en 60 s.","Porte de 7 pi 5 po, plancher de bois marin, verrouillage renforcé. Chargez à votre rythme.","Basés à Boucherville. Livraison Rive-Sud, Montréal, Laval. Appelez-nous, on répond.",remisage,collection,https://www.mobilcube.com/fr/prix-location/,Enabled
FR | Search | Vehicules hiver,"Bateau (test, pausé)",Responsive search ad,"Moto, VTT, motoneige acceptés",270 $/mois sur 6 mois,Remisage hiver dans l'entrée,Fini le sel et la neige,Coffre-fort d'acier de 20 pi,2 VTT et la remorque entrent,Accès 24/7 dans votre entrée,Libérez votre garage,"Prix affichés, zéro surprise",Soumission en 60 secondes,"Livraison 300 $, 15 km inclus",MobilCube | Entreposage mobile,"Rive-Sud, Montréal et Laval",Aucun frais d'administration,Appelez : réponse immédiate,1,2,"Moto, VTT, motoneige, motomarine : conteneur d'acier de 20 pi livré chez vous cet hiver.","270 $/mois sur 6 mois, livraison 300 $ (15 km inclus). Soumission en ligne en 60 s.","1 165 pi³ : deux VTT, la remorque et l'équipement entrent. Chargez au niveau du sol.","Basés à Boucherville. Livraison Rive-Sud, Montréal, Laval. Appelez-nous, on répond.",entreposage,vtt-moto,https://www.mobilcube.com/fr/prix-location/,Enabled
FR | Search | Vehicules hiver,Moto hiver,Responsive search ad,"Moto, VTT, motoneige acceptés",270 $/mois sur 6 mois,Remisage hiver dans l'entrée,Fini le sel et la neige,Coffre-fort d'acier de 20 pi,2 VTT et la remorque entrent,Accès 24/7 dans votre entrée,Libérez votre garage,"Prix affichés, zéro surprise",Soumission en 60 secondes,"Livraison 300 $, 15 km inclus",MobilCube | Entreposage mobile,"Rive-Sud, Montréal et Laval",Aucun frais d'administration,Appelez : réponse immédiate,1,2,"Moto, VTT, motoneige, motomarine : conteneur d'acier de 20 pi livré chez vous cet hiver.","270 $/mois sur 6 mois, livraison 300 $ (15 km inclus). Soumission en ligne en 60 s.","1 165 pi³ : deux VTT, la remorque et l'équipement entrent. Chargez au niveau du sol.","Basés à Boucherville. Livraison Rive-Sud, Montréal, Laval. Appelez-nous, on répond.",entreposage,vtt-moto,https://www.mobilcube.com/fr/prix-location/,Enabled
FR | Search | Vehicules hiver,VTT,Responsive search ad,"Moto, VTT, motoneige acceptés",270 $/mois sur 6 mois,Remisage hiver dans l'entrée,Fini le sel et la neige,Coffre-fort d'acier de 20 pi,2 VTT et la remorque entrent,Accès 24/7 dans votre entrée,Libérez votre garage,"Prix affichés, zéro surprise",Soumission en 60 secondes,"Livraison 300 $, 15 km inclus",MobilCube | Entreposage mobile,"Rive-Sud, Montréal et Laval",Aucun frais d'administration,Appelez : réponse immédiate,1,2,"Moto, VTT, motoneige, motomarine : conteneur d'acier de 20 pi livré chez vous cet hiver.","270 $/mois sur 6 mois, livraison 300 $ (15 km inclus). Soumission en ligne en 60 s.","1 165 pi³ : deux VTT, la remorque et l'équipement entrent. Chargez au niveau du sol.","Basés à Boucherville. Livraison Rive-Sud, Montréal, Laval. Appelez-nous, on répond.",entreposage,vtt-moto,https://www.mobilcube.com/fr/prix-location/,Enabled
FR | Search | Vehicules hiver,Motoneige,Responsive search ad,"Moto, VTT, motoneige acceptés",270 $/mois sur 6 mois,Remisage hiver dans l'entrée,Fini le sel et la neige,Coffre-fort d'acier de 20 pi,2 VTT et la remorque entrent,Accès 24/7 dans votre entrée,Libérez votre garage,"Prix affichés, zéro surprise",Soumission en 60 secondes,"Livraison 300 $, 15 km inclus",MobilCube | Entreposage mobile,"Rive-Sud, Montréal et Laval",Aucun frais d'administration,Appelez : réponse immédiate,1,2,"Moto, VTT, motoneige, motomarine : conteneur d'acier de 20 pi livré chez vous cet hiver.","270 $/mois sur 6 mois, livraison 300 $ (15 km inclus). Soumission en ligne en 60 s.","1 165 pi³ : deux VTT, la remorque et l'équipement entrent. Chargez au niveau du sol.","Basés à Boucherville. Livraison Rive-Sud, Montréal, Laval. Appelez-nous, on répond.",entreposage,vtt-moto,https://www.mobilcube.com/fr/prix-location/,Enabled
FR | Search | Vehicules hiver,Remorque & équipement,Responsive search ad,"Moto, VTT, motoneige acceptés",270 $/mois sur 6 mois,Remisage hiver dans l'entrée,Fini le sel et la neige,Coffre-fort d'acier de 20 pi,2 VTT et la remorque entrent,Accès 24/7 dans votre entrée,Libérez votre garage,"Prix affichés, zéro surprise",Soumission en 60 secondes,"Livraison 300 $, 15 km inclus",MobilCube | Entreposage mobile,"Rive-Sud, Montréal et Laval",Aucun frais d'administration,Appelez : réponse immédiate,1,2,"Moto, VTT, motoneige, motomarine : conteneur d'acier de 20 pi livré chez vous cet hiver.","270 $/mois sur 6 mois, livraison 300 $ (15 km inclus). Soumission en ligne en 60 s.","1 165 pi³ : deux VTT, la remorque et l'équipement entrent. Chargez au niveau du sol.","Basés à Boucherville. Livraison Rive-Sud, Montréal, Laval. Appelez-nous, on répond.",entreposage,vtt-moto,https://www.mobilcube.com/fr/prix-location/,Enabled
FR | Search | Vehicules hiver,Motomarine & petit bateau,Responsive search ad,"Moto, VTT, motoneige acceptés",270 $/mois sur 6 mois,Remisage hiver dans l'entrée,Fini le sel et la neige,Coffre-fort d'acier de 20 pi,2 VTT et la remorque entrent,Accès 24/7 dans votre entrée,Libérez votre garage,"Prix affichés, zéro surprise",Soumission en 60 secondes,"Livraison 300 $, 15 km inclus",MobilCube | Entreposage mobile,"Rive-Sud, Montréal et Laval",Aucun frais d'administration,Appelez : réponse immédiate,1,2,"Moto, VTT, motoneige, motomarine : conteneur d'acier de 20 pi livré chez vous cet hiver.","270 $/mois sur 6 mois, livraison 300 $ (15 km inclus). Soumission en ligne en 60 s.","1 165 pi³ : deux VTT, la remorque et l'équipement entrent. Chargez au niveau du sol.","Basés à Boucherville. Livraison Rive-Sud, Montréal, Laval. Appelez-nous, on répond.",entreposage,vtt-moto,https://www.mobilcube.com/fr/prix-location/,Enabled
FR | Search | Terrasse commercial,Mobilier de terrasse,Responsive search ad,Terrasse rangée en une journée,"Restaurants, bars, hôtels","Tables, chaises, parasols",Retour livré au printemps,Conteneur sur place ou chauffé,Facturation entreprise simple,Entreposage saisonnier pro,Réservez avant la date limite,"Entrepôt chauffé, Boucherville","Prix affichés, zéro surprise",Soumission en 60 secondes,"Livraison 300 $, 15 km inclus",MobilCube | Entreposage mobile,"Rive-Sud, Montréal et Laval",Aucun frais d'administration,1,2,"Conteneur de 20 pi devant votre commerce : tables, chaises, parasols et chauffe-terrasses.",Gardez le conteneur sur place ou confiez-le à notre entrepôt chauffé jusqu'au printemps.,"289,75 $/mois sur 6 mois en entrepôt chauffé, transport 300 $ par déplacement. Devis 60 s.","Restaurants, bars, cafés, hôtels : videz votre terrasse avant la date limite du quartier.",terrasse,commerce,https://www.mobilcube.com/fr/cas-usage/,Enabled
FR | Search | Terrasse commercial,Restaurant & bar,Responsive search ad,Terrasse rangée en une journée,"Restaurants, bars, hôtels","Tables, chaises, parasols",Retour livré au printemps,Conteneur sur place ou chauffé,Facturation entreprise simple,Entreposage saisonnier pro,Réservez avant la date limite,"Entrepôt chauffé, Boucherville","Prix affichés, zéro surprise",Soumission en 60 secondes,"Livraison 300 $, 15 km inclus",MobilCube | Entreposage mobile,"Rive-Sud, Montréal et Laval",Aucun frais d'administration,1,2,"Conteneur de 20 pi devant votre commerce : tables, chaises, parasols et chauffe-terrasses.",Gardez le conteneur sur place ou confiez-le à notre entrepôt chauffé jusqu'au printemps.,"289,75 $/mois sur 6 mois en entrepôt chauffé, transport 300 $ par déplacement. Devis 60 s.","Restaurants, bars, cafés, hôtels : videz votre terrasse avant la date limite du quartier.",terrasse,commerce,https://www.mobilcube.com/fr/cas-usage/,Enabled
FR | Search | Terrasse commercial,Commercial saisonnier & inventaire,Responsive search ad,Entreposage saisonnier pro,Conteneur sur place ou chauffé,"Mobilier de piscine, bacs, BBQ",Retour livré au printemps,Facturation entreprise simple,"Un seul conteneur, 160 pi²","Entrepôt chauffé, Boucherville",Surplus d'inventaire à l'abri,"Prix affichés, zéro surprise",Soumission en 60 secondes,"Livraison 300 $, 15 km inclus",MobilCube | Entreposage mobile,"Rive-Sud, Montréal et Laval",Aucun frais d'administration,Appelez : réponse immédiate,1,2,"Condos, paysagistes, commerces : conteneur de 20 pi pour meubles, bacs et équipement.",Gardez le conteneur sur place ou confiez-le à notre entrepôt chauffé jusqu'au printemps.,"289,75 $/mois sur 6 mois en entrepôt chauffé, transport 300 $ par déplacement. Devis 60 s.","Basés à Boucherville. Livraison Rive-Sud, Montréal, Laval. Appelez-nous, on répond.",entreposage,commercial,https://www.mobilcube.com/fr/cas-usage/,Enabled
FR | Search | Terrasse commercial,Paysagiste & équipement,Responsive search ad,Entreposage saisonnier pro,Conteneur sur place ou chauffé,"Mobilier de piscine, bacs, BBQ",Retour livré au printemps,Facturation entreprise simple,"Un seul conteneur, 160 pi²","Entrepôt chauffé, Boucherville",Surplus d'inventaire à l'abri,"Prix affichés, zéro surprise",Soumission en 60 secondes,"Livraison 300 $, 15 km inclus",MobilCube | Entreposage mobile,"Rive-Sud, Montréal et Laval",Aucun frais d'administration,Appelez : réponse immédiate,1,2,"Condos, paysagistes, commerces : conteneur de 20 pi pour meubles, bacs et équipement.",Gardez le conteneur sur place ou confiez-le à notre entrepôt chauffé jusqu'au printemps.,"289,75 $/mois sur 6 mois en entrepôt chauffé, transport 300 $ par déplacement. Devis 60 s.","Basés à Boucherville. Livraison Rive-Sud, Montréal, Laval. Appelez-nous, on répond.",entreposage,commercial,https://www.mobilcube.com/fr/cas-usage/,Enabled
FR | Search | Terrasse commercial,Hôtel & condo,Responsive search ad,Entreposage saisonnier pro,Conteneur sur place ou chauffé,"Mobilier de piscine, bacs, BBQ",Retour livré au printemps,Facturation entreprise simple,"Un seul conteneur, 160 pi²","Entrepôt chauffé, Boucherville",Surplus d'inventaire à l'abri,"Prix affichés, zéro surprise",Soumission en 60 secondes,"Livraison 300 $, 15 km inclus",MobilCube | Entreposage mobile,"Rive-Sud, Montréal et Laval",Aucun frais d'administration,Appelez : réponse immédiate,1,2,"Condos, paysagistes, commerces : conteneur de 20 pi pour meubles, bacs et équipement.",Gardez le conteneur sur place ou confiez-le à notre entrepôt chauffé jusqu'au printemps.,"289,75 $/mois sur 6 mois en entrepôt chauffé, transport 300 $ par déplacement. Devis 60 s.","Basés à Boucherville. Livraison Rive-Sud, Montréal, Laval. Appelez-nous, on répond.",entreposage,commercial,https://www.mobilcube.com/fr/cas-usage/,Enabled
FR | Search | Entreposage mobile,Déménagement & rénovation,Responsive search ad,Déménagez sans camion,"Un seul conteneur, 160 pi²",Rénovation : meubles à l'abri,Chargez à votre rythme,Chez vous ou à notre entrepôt,Zéro double manutention,Le contenu d'un 5 ½ entier,Dès 180 $/mois (24 mois),"Prix affichés, zéro surprise",Soumission en 60 secondes,"Livraison 300 $, 15 km inclus",MobilCube | Entreposage mobile,"Rive-Sud, Montréal et Laval",Aucun frais d'administration,Appelez : réponse immédiate,1,2,"On livre le conteneur, vous chargez à votre rythme, on le déplace à la nouvelle adresse.","350 $/mois sans engagement, 270 $/mois sur 6 mois. Livraison 300 $, 15 km inclus.","Rénovation ? Vos meubles restent chez vous, à l'abri de la poussière, accessibles 24/7.","Basés à Boucherville. Livraison Rive-Sud, Montréal, Laval. Appelez-nous, on répond.",demenagement,conteneur,https://www.mobilcube.com/fr/prix-location/,Enabled
FR | Search | Entreposage mobile,"Géo Montréal, Laval, couronnes (pausé)",Responsive search ad,Entreposage mobile Rive-Sud,"Un seul conteneur, 160 pi²",Le contenu d'un 5 ½ entier,Chargez à votre rythme,Chez vous ou à notre entrepôt,Dès 180 $/mois (24 mois),"Entrepôt chauffé, Boucherville",Accès 24/7 dans votre entrée,"Prix affichés, zéro surprise",Soumission en 60 secondes,"Livraison 300 $, 15 km inclus",MobilCube | Entreposage mobile,"Rive-Sud, Montréal et Laval",Aucun frais d'administration,Appelez : réponse immédiate,1,2,"Conteneur d'acier de 20 pi (160 pi²) livré chez vous. Chargez au sol, à votre rythme.","350 $/mois sans engagement, 270 $/mois sur 6 mois, dès 180 $ sur 24 mois. Livraison 300 $.",Gardez-le dans votre entrée ou envoyez-le à notre entrepôt chauffé. Soumission en 60 s.,"Basés à Boucherville. Livraison Rive-Sud, Montréal, Laval. Appelez-nous, on répond.",mobile,rive-sud,https://www.mobilcube.com/fr/prix-location/,Enabled
FR | Search | Entreposage mobile,Rive-Sud (géo),Responsive search ad,Entreposage mobile Rive-Sud,"Un seul conteneur, 160 pi²",Le contenu d'un 5 ½ entier,Chargez à votre rythme,Chez vous ou à notre entrepôt,Dès 180 $/mois (24 mois),"Entrepôt chauffé, Boucherville",Accès 24/7 dans votre entrée,"Prix affichés, zéro surprise",Soumission en 60 secondes,"Livraison 300 $, 15 km inclus",MobilCube | Entreposage mobile,"Rive-Sud, Montréal et Laval",Aucun frais d'administration,Appelez : réponse immédiate,1,2,"Conteneur d'acier de 20 pi (160 pi²) livré chez vous. Chargez au sol, à votre rythme.","350 $/mois sans engagement, 270 $/mois sur 6 mois, dès 180 $ sur 24 mois. Livraison 300 $.",Gardez-le dans votre entrée ou envoyez-le à notre entrepôt chauffé. Soumission en 60 s.,"Basés à Boucherville. Livraison Rive-Sud, Montréal, Laval. Appelez-nous, on répond.",mobile,rive-sud,https://www.mobilcube.com/fr/prix-location/,Enabled
EN | Search | Mobile storage,Mobile storage,Responsive search ad,Mobile Storage Montreal,"One Container, 160 sq ft",Fits a Whole 5 ½ Apartment,Load at Your Own Pace,At Home or in Our Warehouse,From $180/mo (24 Months),"Heated Warehouse, South Shore",24/7 Access in Your Driveway,"Prices Published, No Surprises",Get a Quote in 60 Seconds,"Delivery $300, 15 km Included",MobilCube | Mobile Storage,"Montreal, West Island, Laval",No Monthly Admin Fees,"Call Us, We Answer",1,2,"A 20 ft steel container (160 sq ft) delivered to you. Load at ground level, at your pace.","$350/mo no commitment, $270/mo on 6 months, from $180 on 24 months. Delivery $300.",Keep it in your driveway or send it to our heated Boucherville warehouse. Quote in 60 s.,"Based in Boucherville. Delivery to Montreal, West Island and Laval. Call us, we answer.",mobile,storage,https://www.mobilcube.com/en/pricing/,Enabled
EN | Search | Mobile storage,Portable container,Responsive search ad,Mobile Storage Montreal,"One Container, 160 sq ft",Fits a Whole 5 ½ Apartment,Load at Your Own Pace,At Home or in Our Warehouse,From $180/mo (24 Months),"Heated Warehouse, South Shore",24/7 Access in Your Driveway,"Prices Published, No Surprises",Get a Quote in 60 Seconds,"Delivery $300, 15 km Included",MobilCube | Mobile Storage,"Montreal, West Island, Laval",No Monthly Admin Fees,"Call Us, We Answer",1,2,"A 20 ft steel container (160 sq ft) delivered to you. Load at ground level, at your pace.","$350/mo no commitment, $270/mo on 6 months, from $180 on 24 months. Delivery $300.",Keep it in your driveway or send it to our heated Boucherville warehouse. Quote in 60 s.,"Based in Boucherville. Delivery to Montreal, West Island and Laval. Call us, we answer.",mobile,storage,https://www.mobilcube.com/en/pricing/,Enabled
EN | Search | Mobile storage,"Self storage alternative (test, paused)",Responsive search ad,Mobile Storage Montreal,"One Container, 160 sq ft",Fits a Whole 5 ½ Apartment,Load at Your Own Pace,At Home or in Our Warehouse,From $180/mo (24 Months),"Heated Warehouse, South Shore",24/7 Access in Your Driveway,"Prices Published, No Surprises",Get a Quote in 60 Seconds,"Delivery $300, 15 km Included",MobilCube | Mobile Storage,"Montreal, West Island, Laval",No Monthly Admin Fees,"Call Us, We Answer",1,2,"A 20 ft steel container (160 sq ft) delivered to you. Load at ground level, at your pace.","$350/mo no commitment, $270/mo on 6 months, from $180 on 24 months. Delivery $300.",Keep it in your driveway or send it to our heated Boucherville warehouse. Quote in 60 s.,"Based in Boucherville. Delivery to Montreal, West Island and Laval. Call us, we answer.",mobile,storage,https://www.mobilcube.com/en/pricing/,Enabled
EN | Search | Mobile storage,Generic geo (paused),Responsive search ad,Mobile Storage Montreal,"One Container, 160 sq ft",Fits a Whole 5 ½ Apartment,Load at Your Own Pace,At Home or in Our Warehouse,From $180/mo (24 Months),"Heated Warehouse, South Shore",24/7 Access in Your Driveway,"Prices Published, No Surprises",Get a Quote in 60 Seconds,"Delivery $300, 15 km Included",MobilCube | Mobile Storage,"Montreal, West Island, Laval",No Monthly Admin Fees,"Call Us, We Answer",1,2,"A 20 ft steel container (160 sq ft) delivered to you. Load at ground level, at your pace.","$350/mo no commitment, $270/mo on 6 months, from $180 on 24 months. Delivery $300.",Keep it in your driveway or send it to our heated Boucherville warehouse. Quote in 60 s.,"Based in Boucherville. Delivery to Montreal, West Island and Laval. Call us, we answer.",mobile,storage,https://www.mobilcube.com/en/pricing/,Enabled
EN | Search | Winter vehicle,Winter car storage,Responsive search ad,$270/mo on a 6-Month Plan,Your Car Safe All Winter,Winter Car Storage at Home,"No Salt, No Snow, No Ice","Motorcycle, ATV, Snowmobile",Steel Vault on Your Driveway,Skip the Drive to a Facility,24/7 Access in Your Driveway,"Prices Published, No Surprises",Get a Quote in 60 Seconds,"Delivery $300, 15 km Included",MobilCube | Mobile Storage,"Montreal, West Island, Laval",No Monthly Admin Fees,"Call Us, We Answer",1,2,A 20 ft steel container delivered to your driveway: your car spends the winter inside.,"$270/mo on a 6-month plan, delivery $300 (15 km included). Online quote in 60 seconds.","Motorcycle, ATV, snowmobile, jet ski or car: load at ground level, 24/7 access at home.","Based in Boucherville. Delivery to Montreal, West Island and Laval. Call us, we answer.",storage,winter,https://www.mobilcube.com/en/pricing/,Enabled
EN | Search | Winter vehicle,Motorcycle & ATV,Responsive search ad,"Motorcycle, ATV, Snowmobile",$270/mo on a 6-Month Plan,Winter Storage at Home,"No Salt, No Snow, No Ice",Steel Vault on Your Driveway,Two ATVs and the Trailer Fit,24/7 Access in Your Driveway,Free Up Your Garage,"Prices Published, No Surprises",Get a Quote in 60 Seconds,"Delivery $300, 15 km Included",MobilCube | Mobile Storage,"Montreal, West Island, Laval",No Monthly Admin Fees,"Call Us, We Answer",1,2,"Motorcycle, ATV, snowmobile, jet ski: 20 ft steel container delivered to you for winter.","$270/mo on a 6-month plan, delivery $300 (15 km included). Online quote in 60 seconds.","1,165 cu ft: two ATVs, the trailer and the gear fit. Load at ground level, at your pace.","Based in Boucherville. Delivery to Montreal, West Island and Laval. Call us, we answer.",storage,atv-moto,https://www.mobilcube.com/en/pricing/,Enabled
EN | Search | Winter vehicle,"Boat (test, paused)",Responsive search ad,"Motorcycle, ATV, Snowmobile",$270/mo on a 6-Month Plan,Winter Storage at Home,"No Salt, No Snow, No Ice",Steel Vault on Your Driveway,Two ATVs and the Trailer Fit,24/7 Access in Your Driveway,Free Up Your Garage,"Prices Published, No Surprises",Get a Quote in 60 Seconds,"Delivery $300, 15 km Included",MobilCube | Mobile Storage,"Montreal, West Island, Laval",No Monthly Admin Fees,"Call Us, We Answer",1,2,"Motorcycle, ATV, snowmobile, jet ski: 20 ft steel container delivered to you for winter.","$270/mo on a 6-month plan, delivery $300 (15 km included). Online quote in 60 seconds.","1,165 cu ft: two ATVs, the trailer and the gear fit. Load at ground level, at your pace.","Based in Boucherville. Delivery to Montreal, West Island and Laval. Call us, we answer.",storage,atv-moto,https://www.mobilcube.com/en/pricing/,Enabled
EN | Search | Winter vehicle,Boat & PWC,Responsive search ad,"Motorcycle, ATV, Snowmobile",$270/mo on a 6-Month Plan,Winter Storage at Home,"No Salt, No Snow, No Ice",Steel Vault on Your Driveway,Two ATVs and the Trailer Fit,24/7 Access in Your Driveway,Free Up Your Garage,"Prices Published, No Surprises",Get a Quote in 60 Seconds,"Delivery $300, 15 km Included",MobilCube | Mobile Storage,"Montreal, West Island, Laval",No Monthly Admin Fees,"Call Us, We Answer",1,2,"Motorcycle, ATV, snowmobile, jet ski: 20 ft steel container delivered to you for winter.","$270/mo on a 6-month plan, delivery $300 (15 km included). Online quote in 60 seconds.","1,165 cu ft: two ATVs, the trailer and the gear fit. Load at ground level, at your pace.","Based in Boucherville. Delivery to Montreal, West Island and Laval. Call us, we answer.",storage,atv-moto,https://www.mobilcube.com/en/pricing/,Enabled
EN | Search | Commercial patio,Patio furniture,Responsive search ad,Patio Packed Away in a Day,"Restaurants, Bars, Hotels","Tables, Chairs, Heaters",Delivered Back in Spring,On Site or Heated Storage,Simple Business Invoicing,Seasonal Business Storage,Book Before the Deadline,"Heated Warehouse, South Shore","Prices Published, No Surprises",Get a Quote in 60 Seconds,"Delivery $300, 15 km Included",MobilCube | Mobile Storage,"Montreal, West Island, Laval",No Monthly Admin Fees,1,2,"A 20 ft container delivered to your door: tables, chairs, umbrellas and heaters go in.",Keep the container on site or send it to our heated Boucherville warehouse until spring.,"$289.75/mo on a 6-month heated plan, transport $300 per movement. Quote in 60 seconds.","Restaurants, bars, cafés, hotels, condos: clear your terrace before the borough deadline.",patio,storage,https://www.mobilcube.com/en/use-cases/,Enabled
EN | Search | Commercial patio,Business seasonal,Responsive search ad,Patio Packed Away in a Day,"Restaurants, Bars, Hotels","Tables, Chairs, Heaters",Delivered Back in Spring,On Site or Heated Storage,Simple Business Invoicing,Seasonal Business Storage,Book Before the Deadline,"Heated Warehouse, South Shore","Prices Published, No Surprises",Get a Quote in 60 Seconds,"Delivery $300, 15 km Included",MobilCube | Mobile Storage,"Montreal, West Island, Laval",No Monthly Admin Fees,1,2,"A 20 ft container delivered to your door: tables, chairs, umbrellas and heaters go in.",Keep the container on site or send it to our heated Boucherville warehouse until spring.,"$289.75/mo on a 6-month heated plan, transport $300 per movement. Quote in 60 seconds.","Restaurants, bars, cafés, hotels, condos: clear your terrace before the borough deadline.",patio,storage,https://www.mobilcube.com/en/use-cases/,Enabled
FR+EN | Search | Concurrents,Competitors EN,Responsive search ad,Compare: Prices Published,A Local Alternative,"20 ft, Not Small Cubes",Your Vehicle Is Welcome,"Heated Warehouse, South Shore",20 ft Container Delivered,At Home or in Our Warehouse,From $180/mo (24 Months),"Prices Published, No Surprises",Get a Quote in 60 Seconds,"Delivery $300, 15 km Included",MobilCube | Mobile Storage,"Montreal, West Island, Laval",No Monthly Admin Fees,"Call Us, We Answer",1,2,"Before you book elsewhere: prices published, a 20 ft container, and your car is welcome.","$350/mo no commitment, $270/mo on 6 months. Delivery $300 per movement, 15 km included.","Boucherville company. Heated South Shore warehouse, delivery across Montreal and Laval.",Prices published on our site and an online quote in 60 seconds.,compare,prices,https://www.mobilcube.com/en/pricing/,Enabled
FR+EN | Search | Marque,MobilCube,Responsive search ad,MobilCube | Site officiel,Réservez votre MobilCube,Conteneur livré chez vous,Conteneur de 20 pi livré,"Entrepôt chauffé, Boucherville",Chez vous ou à notre entrepôt,Accès 24/7 dans votre entrée,Dès 180 $/mois (24 mois),"Prix affichés, zéro surprise",Soumission en 60 secondes,"Livraison 300 $, 15 km inclus",MobilCube | Entreposage mobile,"Rive-Sud, Montréal et Laval",Aucun frais d'administration,Appelez : réponse immédiate,1,2,"Site officiel MobilCube : prix affichés, soumission en ligne, livraison Grand Montréal.","350 $/mois sans engagement, 270 $/mois sur 6 mois, dès 180 $ sur 24 mois. Livraison 300 $.","Conteneur d'acier CORTEN de 20 pi, 160 pi². Chez vous ou dans notre entrepôt chauffé.",Questions ? Appelez-nous : on répond en français et en anglais.,officiel,reservation,https://www.mobilcube.com/fr/,Enabled
FR+EN | Search | Concurrents,Concurrents FR,Responsive search ad,Compare: Prices Published,A Local Alternative,"20 ft, Not Small Cubes",Your Vehicle Is Welcome,"Heated Warehouse, South Shore",20 ft Container Delivered,At Home or in Our Warehouse,From $180/mo (24 Months),"Prices Published, No Surprises",Get a Quote in 60 Seconds,"Delivery $300, 15 km Included",MobilCube | Mobile Storage,"Montreal, West Island, Laval",No Monthly Admin Fees,"Call Us, We Answer",1,2,"Before you book elsewhere: prices published, a 20 ft container, and your car is welcome.","$350/mo no commitment, $270/mo on 6 months. Delivery $300 per movement, 15 km included.","Boucherville company. Heated South Shore warehouse, delivery across Montreal and Laval.",Prices published on our site and an online quote in 60 seconds.,compare,prices,https://www.mobilcube.com/fr/prix-location/,Enabled
