Negative Keyword List,Keyword,Criterion Type
Negatives - FR,emploi,Negative Phrase
Negatives - FR,emplois,Negative Phrase
Negatives - FR,job,Negative Phrase
Negatives - FR,jobs,Negative Phrase
Negatives - FR,carrière,Negative Phrase
Negatives - FR,carrières,Negative Phrase
Negatives - FR,salaire,Negative Phrase
Negatives - FR,offre d'emploi,Negative Phrase
Negatives - FR,recrutement,Negative Phrase
Negatives - FR,embauche,Negative Phrase
Negatives - FR,cariste,Negative Phrase
Negatives - FR,commis d'entrepôt,Negative Phrase
Negatives - FR,technicien,Negative Phrase
Negatives - FR,poste,Negative Phrase
Negatives - FR,gratuit,Negative Phrase
Negatives - FR,gratuite,Negative Phrase
Negatives - FR,gratuitement,Negative Phrase
Negatives - FR,don,Negative Phrase
Negatives - FR,donner,Negative Phrase
Negatives - FR,à vendre,Negative Phrase
Negatives - FR,a vendre,Negative Phrase
Negatives - FR,vente,Negative Phrase
Negatives - FR,acheter,Negative Phrase
Negatives - FR,achat,Negative Phrase
Negatives - FR,usagé,Negative Phrase
Negatives - FR,usagée,Negative Phrase
Negatives - FR,occasion,Negative Phrase
Negatives - FR,kijiji,Negative Phrase
Negatives - FR,lespac,Negative Phrase
Negatives - FR,marketplace,Negative Phrase
Negatives - FR,facebook marketplace,Negative Phrase
Negatives - FR,container maritime,Negative Phrase
Negatives - FR,conteneur 40 pieds,Negative Phrase
Negatives - FR,conteneur sea can,Negative Phrase
Negatives - FR,seacan,Negative Phrase
Negatives - FR,prix d'un conteneur,Negative Phrase
Negatives - FR,ikea,Negative Phrase
Negatives - FR,canadian tire,Negative Phrase
Negatives - FR,costco,Negative Phrase
Negatives - FR,home depot,Negative Phrase
Negatives - FR,rona,Negative Phrase
Negatives - FR,walmart,Negative Phrase
Negatives - FR,amazon,Negative Phrase
Negatives - FR,wayfair,Negative Phrase
Negatives - FR,structube,Negative Phrase
Negatives - FR,bureau en gros,Negative Phrase
Negatives - FR,plan,Negative Phrase
Negatives - FR,plans,Negative Phrase
Negatives - FR,diy,Negative Phrase
Negatives - FR,fabriquer,Negative Phrase
Negatives - FR,construire,Negative Phrase
Negatives - FR,construction d'un,Negative Phrase
Negatives - FR,soi-même,Negative Phrase
Negatives - FR,bricolage,Negative Phrase
Negatives - FR,tutoriel,Negative Phrase
Negatives - FR,comment faire,Negative Phrase
Negatives - FR,définition,Negative Phrase
Negatives - FR,signification,Negative Phrase
Negatives - FR,synonyme,Negative Phrase
Negatives - FR,traduction,Negative Phrase
Negatives - FR,anglais,Negative Phrase
Negatives - FR,c'est quoi,Negative Phrase
Negatives - FR,wikipedia,Negative Phrase
Negatives - FR,cours,Negative Phrase
Negatives - FR,formation,Negative Phrase
Negatives - FR,loi,Negative Phrase
Negatives - FR,règlement,Negative Phrase
Negatives - FR,normes,Negative Phrase
Negatives - FR,norme,Negative Phrase
Negatives - FR,code du bâtiment,Negative Phrase
Negatives - FR,toronto,Negative Phrase
Negatives - FR,ottawa,Negative Phrase
Negatives - FR,gatineau,Negative Phrase
Negatives - FR,ville de québec,Negative Phrase
Negatives - FR,québec city,Negative Phrase
Negatives - FR,quebec city,Negative Phrase
Negatives - FR,lévis,Negative Phrase
Negatives - FR,sherbrooke,Negative Phrase
Negatives - FR,trois-rivières,Negative Phrase
Negatives - FR,saguenay,Negative Phrase
Negatives - FR,chicoutimi,Negative Phrase
Negatives - FR,rimouski,Negative Phrase
Negatives - FR,drummondville,Negative Phrase
Negatives - FR,france,Negative Phrase
Negatives - FR,paris,Negative Phrase
Negatives - FR,belgique,Negative Phrase
Negatives - FR,lyon,Negative Phrase
Negatives - FR,marseille,Negative Phrase
Negatives - FR,logiciel,Negative Phrase
Negatives - FR,système de gestion,Negative Phrase
Negatives - FR,wms,Negative Phrase
Negatives - FR,gestion d'inventaire,Negative Phrase
Negatives - FR,données,Negative Phrase
Negatives - FR,cloud,Negative Phrase
Negatives - FR,nuage,Negative Phrase
Negatives - FR,informatique,Negative Phrase
Negatives - FR,disque dur,Negative Phrase
Negatives - FR,stockage de données,Negative Phrase
Negatives - FR,batterie,Negative Phrase
Negatives - FR,stockage d'énergie,Negative Phrase
Negatives - FR,énergie,Negative Phrase
Negatives - FR,logistique,Negative Phrase
Negatives - FR,3pl,Negative Phrase
Negatives - FR,palettes,Negative Phrase
Negatives - FR,palettisation,Negative Phrase
Negatives - FR,distribution,Negative Phrase
Negatives - FR,entrepôt frigorifique,Negative Phrase
Negatives - FR,réfrigéré,Negative Phrase
Negatives - FR,congelé,Negative Phrase
Negatives - FR,chambre froide,Negative Phrase
Negatives - FR,sous douane,Negative Phrase
Negatives - FR,douane,Negative Phrase
Negatives - FR,industriel à louer,Negative Phrase
Negatives - FR,entrepôt à louer,Negative Phrase
Negatives - FR,entrepôt à vendre,Negative Phrase
Negatives - FR,pi2 à louer,Negative Phrase
Negatives - FR,étagère,Negative Phrase
Negatives - FR,étagères,Negative Phrase
Negatives - FR,garde-robe,Negative Phrase
Negatives - FR,armoire,Negative Phrase
Negatives - FR,bac,Negative Phrase
Negatives - FR,bacs,Negative Phrase
Negatives - FR,boîte de rangement,Negative Phrase
Negatives - FR,cabanon,Negative Phrase
Negatives - FR,remise à vendre,Negative Phrase
Negatives - FR,abri tempo,Negative Phrase
Negatives - FR,abri d'auto,Negative Phrase
Negatives - FR,housse,Negative Phrase
Negatives - FR,bâche,Negative Phrase
Negatives - FR,toile,Negative Phrase
Negatives - FR,moteur,Negative Phrase
Negatives - FR,antigel,Negative Phrase
Negatives - FR,entoilage,Negative Phrase
Negatives - FR,mise au rancart,Negative Phrase
Negatives - FR,changement d'huile,Negative Phrase
Negatives - FR,mécanique,Negative Phrase
Negatives - FR,réparation,Negative Phrase
Negatives - FR,enchère,Negative Phrase
Negatives - FR,enchères,Negative Phrase
Negatives - FR,encan,Negative Phrase
Negatives - FR,storage wars,Negative Phrase
Negatives - FR,guerre des entrepôts,Negative Phrase
Negatives - FR,reddit,Negative Phrase
Negatives - FR,youtube,Negative Phrase
Negatives - FR,film,Negative Phrase
Negatives - FR,série,Negative Phrase
Negatives - FR,assurance,Negative Phrase
Negatives - FR,réclamation,Negative Phrase
Negatives - FR,faillite,Negative Phrase
Negatives - FR,avis de recherche,Negative Phrase
Negatives - FR,vin,Negative Phrase
Negatives - FR,cave à vin,Negative Phrase
Negatives - FR,armes,Negative Phrase
Negatives - FR,chien,Negative Phrase
Negatives - FR,chat,Negative Phrase
Negatives - FR,garderie,Negative Phrase
Negatives - FR,pneus,Negative Phrase
Negatives - FR,entreposage de pneus,Negative Phrase
Negatives - FR,u-haul,Negative Exact
Negatives - FR,uhaul,Negative Exact
Negatives - FR,cubeit,Negative Exact
Negatives - FR,gocube,Negative Exact
Negatives - FR,go cube,Negative Exact
Negatives - FR,pods,Negative Exact
Negatives - FR,public storage,Negative Exact
Negatives - FR,depotium,Negative Exact
Negatives - FR,entrepôt public,Negative Exact
Negatives - EN,storage box,Negative Phrase
Negatives - EN,storage bin,Negative Phrase
Negatives - EN,storage bins,Negative Phrase
Negatives - EN,plastic,Negative Phrase
Negatives - EN,tote,Negative Phrase
Negatives - EN,totes,Negative Phrase
Negatives - EN,ikea,Negative Phrase
Negatives - EN,walmart,Negative Phrase
Negatives - EN,canadian tire,Negative Phrase
Negatives - EN,home depot,Negative Phrase
Negatives - EN,amazon,Negative Phrase
Negatives - EN,costco,Negative Phrase
Negatives - EN,shelf,Negative Phrase
Negatives - EN,shelving,Negative Phrase
Negatives - EN,cabinet,Negative Phrase
Negatives - EN,closet,Negative Phrase
Negatives - EN,organizer,Negative Phrase
Negatives - EN,deck box,Negative Phrase
Negatives - EN,storage bench,Negative Phrase
Negatives - EN,patio cover,Negative Phrase
Negatives - EN,furniture cover,Negative Phrase
Negatives - EN,shed,Negative Phrase
Negatives - EN,sheds,Negative Phrase
Negatives - EN,garage kit,Negative Phrase
Negatives - EN,carport,Negative Phrase
Negatives - EN,cloud,Negative Phrase
Negatives - EN,icloud,Negative Phrase
Negatives - EN,google drive,Negative Phrase
Negatives - EN,iphone,Negative Phrase
Negatives - EN,android,Negative Phrase
Negatives - EN,phone,Negative Phrase
Negatives - EN,gb,Negative Phrase
Negatives - EN,tb,Negative Phrase
Negatives - EN,ssd,Negative Phrase
Negatives - EN,hard drive,Negative Phrase
Negatives - EN,nas,Negative Phrase
Negatives - EN,dropbox,Negative Phrase
Negatives - EN,battery storage,Negative Phrase
Negatives - EN,solar,Negative Phrase
Negatives - EN,for sale,Negative Phrase
Negatives - EN,buy,Negative Phrase
Negatives - EN,used,Negative Phrase
Negatives - EN,sea can,Negative Phrase
Negatives - EN,seacan,Negative Phrase
Negatives - EN,conex,Negative Phrase
Negatives - EN,shipping container home,Negative Phrase
Negatives - EN,container home,Negative Phrase
Negatives - EN,container house,Negative Phrase
Negatives - EN,40 ft,Negative Phrase
Negatives - EN,40ft,Negative Phrase
Negatives - EN,flat pack,Negative Phrase
Negatives - EN,jobs,Negative Phrase
Negatives - EN,job,Negative Phrase
Negatives - EN,careers,Negative Phrase
Negatives - EN,hiring,Negative Phrase
Negatives - EN,salary,Negative Phrase
Negatives - EN,diy,Negative Phrase
Negatives - EN,how to build,Negative Phrase
Negatives - EN,plans,Negative Phrase
Negatives - EN,ideas,Negative Phrase
Negatives - EN,reddit,Negative Phrase
Negatives - EN,wiki,Negative Phrase
Negatives - EN,definition,Negative Phrase
Negatives - EN,moving truck,Negative Phrase
Negatives - EN,truck rental,Negative Phrase
Negatives - EN,van rental,Negative Phrase
Negatives - EN,movers,Negative Phrase
Negatives - EN,moving company,Negative Phrase
Negatives - EN,packers,Negative Phrase
Negatives - EN,junk removal,Negative Phrase
Negatives - EN,dumpster,Negative Phrase
Negatives - EN,auction,Negative Phrase
Negatives - EN,auctions,Negative Phrase
Negatives - EN,storage wars,Negative Phrase
Negatives - EN,parking,Negative Phrase
Negatives - EN,marina,Negative Phrase
Negatives - EN,dock,Negative Phrase
Negatives - EN,boat lift,Negative Phrase
Negatives - EN,winterization,Negative Phrase
Negatives - EN,shrink wrap,Negative Phrase
Negatives - EN,detailing,Negative Phrase
Negatives - EN,mechanic,Negative Phrase
Negatives - EN,ontario,Negative Phrase
Negatives - EN,toronto,Negative Phrase
Negatives - EN,ottawa,Negative Phrase
Negatives - EN,quebec city,Negative Phrase
Negatives - EN,vancouver,Negative Phrase
Negatives - EN,calgary,Negative Phrase
Negatives - EN,kirkland wa,Negative Phrase
Negatives - EN,washington,Negative Phrase
Negatives - EN,hudson ny,Negative Phrase
Negatives - EN,hudson ohio,Negative Phrase
Negatives - EN,usa,Negative Phrase
Negatives - EN,free,Negative Phrase
Negatives - EN,cheapest,Negative Phrase
Negatives - EN,craigslist,Negative Phrase
Negatives - EN,kijiji,Negative Phrase
Negatives - EN,facebook marketplace,Negative Phrase
Negatives - FR,déchet,Negative Phrase
Negatives - FR,déchets,Negative Phrase
Negatives - FR,dechet,Negative Phrase
Negatives - FR,dechets,Negative Phrase
Negatives - FR,verges,Negative Phrase
Negatives - FR,verge,Negative Phrase
Negatives - FR,benne,Negative Phrase
Negatives - FR,bennes,Negative Phrase
Negatives - FR,vidange,Negative Phrase
Negatives - FR,rebuts,Negative Phrase
Negatives - FR,usagés,Negative Phrase
Negatives - FR,saaq,Negative Phrase
Negatives - FR,definition,Negative Phrase
Negatives - FR,club,Negative Phrase
Negatives - FR,vélo,Negative Phrase
Negatives - FR,velo,Negative Phrase
Negatives - FR,pneu,Negative Phrase
Negatives - FR,herger,Negative Phrase
Negatives - FR,palette,Negative Phrase
Negatives - FR,tunisie,Negative Phrase
Negatives - FR,maroc,Negative Phrase
Negatives - FR,genève,Negative Phrase
Negatives - FR,suisse,Negative Phrase
Negatives - FR,levis,Negative Phrase
Negatives - FR,trois rivieres,Negative Phrase
Negatives - FR,victoriaville,Negative Phrase
Negatives - FR,joliette,Negative Phrase
Negatives - FR,rouyn,Negative Phrase
Negatives - FR,pas cher,Negative Phrase
Negatives - FR,rack,Negative Phrase
Negatives - FR,support,Negative Phrase
Negatives - FR,lift,Negative Phrase
Negatives - FR,organisateur,Negative Phrase
Negatives - FR,princess auto,Negative Phrase
Negatives - FR,bac de rangement,Negative Phrase
Negatives - FR,bacs de rangement,Negative Phrase
Negatives - FR,meuble de rangement,Negative Phrase
Negatives - FR,boite de rangement,Negative Phrase
Negatives - FR,étagère de rangement,Negative Phrase
Negatives - FR,idée rangement,Negative Phrase
Negatives - FR,idées rangement,Negative Phrase
Negatives - FR,rangement garage,Negative Phrase
Negatives - FR,afrique,Negative Phrase
Negatives - FR,expédition,Negative Phrase
Negatives - FR,conteneur maritime à vendre,Negative Phrase
Negatives - FR,conteneur maritime usagé,Negative Phrase
Negatives - EN,junk,Negative Phrase
Negatives - EN,waste,Negative Phrase
Negatives - EN,bin rental,Negative Phrase
Negatives - EN,princess auto,Negative Phrase
Negatives - EN,rack,Negative Phrase
Negatives - EN,lift,Negative Phrase
Negatives - EN,cart,Negative Phrase
Negatives - EN,bins,Negative Phrase
Negatives - EN,shelves,Negative Phrase
Negatives - EN,with lids,Negative Phrase
Negatives - EN,app,Negative Phrase
Negatives - EN,azure,Negative Phrase
Negatives - EN,arc raiders,Negative Phrase
Negatives - EN,cheap,Negative Phrase
Negatives - EN,edmonton,Negative Phrase
Negatives - EN,winnipeg,Negative Phrase
Negatives - EN,alberta,Negative Phrase
Negatives - EN,auckland,Negative Phrase
Negatives - EN,adelaide,Negative Phrase
