Campaign,Sitelink text,Sitelink description 1,Sitelink description 2,Sitelink final URL
FR | Search | Vehicules hiver,Tarifs et offres,Liberté 350 $/mois,Avantage dès 180 $/mois,https://www.mobilcube.com/fr/prix-location/
FR | Search | Vehicules hiver,Réserver en 60 s,Prix exact sans compte,Carte ou virement,https://www.mobilcube.com/fr/formulaire-reservation/
FR | Search | Vehicules hiver,Entreposage de véhicules,"Auto, moto, VTT, motoneige",Dans votre entrée,https://offres.mobilcube.com/vehicules-hiver.html
FR | Search | Vehicules hiver,Terrasses et commerces,"Restaurants, bars, condos",Retour au printemps,https://offres.mobilcube.com/terrasse-commerciale.html
FR | Search | Terrasse commercial,Tarifs et offres,Liberté 350 $/mois,Avantage dès 180 $/mois,https://www.mobilcube.com/fr/prix-location/
FR | Search | Terrasse commercial,Réserver en 60 s,Prix exact sans compte,Carte ou virement,https://www.mobilcube.com/fr/formulaire-reservation/
FR | Search | Terrasse commercial,Entreposage de véhicules,"Auto, moto, VTT, motoneige",Dans votre entrée,https://offres.mobilcube.com/vehicules-hiver.html
FR | Search | Terrasse commercial,Terrasses et commerces,"Restaurants, bars, condos",Retour au printemps,https://offres.mobilcube.com/terrasse-commerciale.html
FR | Search | Entreposage mobile,Tarifs et offres,Liberté 350 $/mois,Avantage dès 180 $/mois,https://www.mobilcube.com/fr/prix-location/
FR | Search | Entreposage mobile,Réserver en 60 s,Prix exact sans compte,Carte ou virement,https://www.mobilcube.com/fr/formulaire-reservation/
FR | Search | Entreposage mobile,Entreposage de véhicules,"Auto, moto, VTT, motoneige",Dans votre entrée,https://offres.mobilcube.com/vehicules-hiver.html
FR | Search | Entreposage mobile,Terrasses et commerces,"Restaurants, bars, condos",Retour au printemps,https://offres.mobilcube.com/terrasse-commerciale.html
EN | Search | Winter vehicle,Rates and Offers,Freedom $350/mo,Advantage from $180/mo,https://www.mobilcube.com/en/pricing/
EN | Search | Winter vehicle,Book in 60 Seconds,"Exact price, no account",Card or bank transfer,https://www.mobilcube.com/en/booking-form/
EN | Search | Winter vehicle,Vehicle Storage,"Car, motorcycle, ATV",In your own driveway,https://offres.mobilcube.com/en/winter-vehicle-storage.html
EN | Search | Winter vehicle,Patios and Businesses,"Restaurants, bars, condos",Delivered back in spring,https://offres.mobilcube.com/en/patio-storage.html
EN | Search | Commercial patio,Rates and Offers,Freedom $350/mo,Advantage from $180/mo,https://www.mobilcube.com/en/pricing/
EN | Search | Commercial patio,Book in 60 Seconds,"Exact price, no account",Card or bank transfer,https://www.mobilcube.com/en/booking-form/
EN | Search | Commercial patio,Vehicle Storage,"Car, motorcycle, ATV",In your own driveway,https://offres.mobilcube.com/en/winter-vehicle-storage.html
EN | Search | Commercial patio,Patios and Businesses,"Restaurants, bars, condos",Delivered back in spring,https://offres.mobilcube.com/en/patio-storage.html
EN | Search | Mobile storage,Rates and Offers,Freedom $350/mo,Advantage from $180/mo,https://www.mobilcube.com/en/pricing/
EN | Search | Mobile storage,Book in 60 Seconds,"Exact price, no account",Card or bank transfer,https://www.mobilcube.com/en/booking-form/
EN | Search | Mobile storage,Vehicle Storage,"Car, motorcycle, ATV",In your own driveway,https://offres.mobilcube.com/en/winter-vehicle-storage.html
EN | Search | Mobile storage,Patios and Businesses,"Restaurants, bars, condos",Delivered back in spring,https://offres.mobilcube.com/en/patio-storage.html
FR+EN | Search | Marque,Tarifs et offres,Liberté 350 $/mois,Avantage dès 180 $/mois,https://www.mobilcube.com/fr/prix-location/
FR+EN | Search | Marque,Réserver en 60 s,Prix exact sans compte,Carte ou virement,https://www.mobilcube.com/fr/formulaire-reservation/
FR+EN | Search | Marque,Entreposage de véhicules,"Auto, moto, VTT, motoneige",Dans votre entrée,https://offres.mobilcube.com/vehicules-hiver.html
FR+EN | Search | Marque,Terrasses et commerces,"Restaurants, bars, condos",Retour au printemps,https://offres.mobilcube.com/terrasse-commerciale.html
FR+EN | Search | Concurrents,Tarifs et offres,Liberté 350 $/mois,Avantage dès 180 $/mois,https://www.mobilcube.com/fr/prix-location/
FR+EN | Search | Concurrents,Réserver en 60 s,Prix exact sans compte,Carte ou virement,https://www.mobilcube.com/fr/formulaire-reservation/
FR+EN | Search | Concurrents,Entreposage de véhicules,"Auto, moto, VTT, motoneige",Dans votre entrée,https://offres.mobilcube.com/vehicules-hiver.html
FR+EN | Search | Concurrents,Terrasses et commerces,"Restaurants, bars, condos",Retour au printemps,https://offres.mobilcube.com/terrasse-commerciale.html
