Campaign,Callout text
FR | Search | Entreposage mobile,Entrepôt chauffé
FR | Search | Entreposage mobile,Accès 24/7 sur place
FR | Search | Entreposage mobile,Prix affichés
FR | Search | Entreposage mobile,Dépôt remboursé
FR | Search | Entreposage mobile,"Rive-Sud, Montréal, Laval"
FR | Search | Entreposage mobile,Chez vous ou en entrepôt
FR | Search | Vehicules hiver,Entrepôt chauffé
FR | Search | Vehicules hiver,Accès 24/7 sur place
FR | Search | Vehicules hiver,Prix affichés
FR | Search | Vehicules hiver,Dépôt remboursé
FR | Search | Vehicules hiver,"Rive-Sud, Montréal, Laval"
FR | Search | Vehicules hiver,Chez vous ou en entrepôt
FR | Search | Terrasse commercial,Entrepôt chauffé
FR | Search | Terrasse commercial,Accès 24/7 sur place
FR | Search | Terrasse commercial,Prix affichés
FR | Search | Terrasse commercial,Dépôt remboursé
FR | Search | Terrasse commercial,"Rive-Sud, Montréal, Laval"
FR | Search | Terrasse commercial,Chez vous ou en entrepôt
EN | Search | Mobile storage,Heated warehouse
EN | Search | Mobile storage,24/7 on-site access
EN | Search | Mobile storage,Published prices
EN | Search | Mobile storage,Deposit refunded
EN | Search | Mobile storage,Greater Montreal delivery
EN | Search | Mobile storage,Home or warehouse storage
EN | Search | Winter vehicle,Heated warehouse
EN | Search | Winter vehicle,24/7 on-site access
EN | Search | Winter vehicle,Published prices
EN | Search | Winter vehicle,Deposit refunded
EN | Search | Winter vehicle,Greater Montreal delivery
EN | Search | Winter vehicle,Home or warehouse storage
EN | Search | Commercial patio,Heated warehouse
EN | Search | Commercial patio,24/7 on-site access
EN | Search | Commercial patio,Published prices
EN | Search | Commercial patio,Deposit refunded
EN | Search | Commercial patio,Greater Montreal delivery
EN | Search | Commercial patio,Home or warehouse storage
FR+EN | Search | Marque,Entrepôt chauffé
FR+EN | Search | Marque,Accès 24/7 sur place
FR+EN | Search | Marque,Prix affichés
FR+EN | Search | Marque,Dépôt remboursé
FR+EN | Search | Marque,"Rive-Sud, Montréal, Laval"
FR+EN | Search | Marque,Chez vous ou en entrepôt
FR+EN | Search | Concurrents,Entrepôt chauffé
FR+EN | Search | Concurrents,Accès 24/7 sur place
FR+EN | Search | Concurrents,Prix affichés
FR+EN | Search | Concurrents,Dépôt remboursé
FR+EN | Search | Concurrents,"Rive-Sud, Montréal, Laval"
FR+EN | Search | Concurrents,Chez vous ou en entrepôt
