language,campaign,ad group,keyword,match type,launch max cpc (CAD),est. monthly searches (estimate),est. CPC range (estimate),research cluster
fr,FR | Search | Entreposage mobile,Entreposage mobile,entreposage mobile,Phrase,3.50,300-600,3.00-5.00,A. Entreposage mobile / conteneur / cube
fr,FR | Search | Entreposage mobile,Entreposage mobile,entreposage mobile,Exact,3.50,300-600,3.00-5.00,A. Entreposage mobile / conteneur / cube
fr,FR | Search | Entreposage mobile,Conteneur d'entreposage,conteneur d'entreposage,Phrase,3.15,300-600,2.50-4.50,A. Entreposage mobile / conteneur / cube
fr,FR | Search | Entreposage mobile,Conteneur d'entreposage,location conteneur entreposage,Phrase,3.50,200-400,3.00-5.00,A. Entreposage mobile / conteneur / cube
fr,FR | Search | Entreposage mobile,Conteneur d'entreposage,location conteneur entreposage,Exact,3.50,200-400,3.00-5.00,A. Entreposage mobile / conteneur / cube
fr,FR | Search | Entreposage mobile,Conteneur d'entreposage,location de conteneur d'entreposage,Exact,3.50,(pooled with above),3.00-5.00,A. Entreposage mobile / conteneur / cube
fr,FR | Search | Entreposage mobile,Cube d'entreposage,cube d'entreposage,Phrase,3.15,100-250,2.50-4.50,A. Entreposage mobile / conteneur / cube
fr,FR | Search | Entreposage mobile,Cube d'entreposage,cube d'entreposage,Exact,3.15,100-250,2.50-4.50,A. Entreposage mobile / conteneur / cube
fr,FR | Search | Entreposage mobile,Cube d'entreposage,cube entreposage,Phrase,3.15,(pooled with above),2.50-4.50,A. Entreposage mobile / conteneur / cube
fr,FR | Search | Entreposage mobile,Cube d'entreposage,location cube entreposage,Exact,3.50,30-80,3.00-5.00,A. Entreposage mobile / conteneur / cube
fr,FR | Search | Entreposage mobile,Entreposage mobile,entrepôt mobile,Phrase,3.15,150-350,2.50-4.50,A. Entreposage mobile / conteneur / cube
fr,FR | Search | Entreposage mobile,Entreposage mobile,entrepôt mobile,Exact,3.15,150-350,2.50-4.50,A. Entreposage mobile / conteneur / cube
fr,FR | Search | Entreposage mobile,Entreposage mobile,entrepot mobile,Exact,3.15,(pooled with above),2.50-4.50,A. Entreposage mobile / conteneur / cube
fr,FR | Search | Entreposage mobile,Mini-entreposage mobile,mini entrepôt mobile,Exact,2.93,20-60,2.50-4.00,A. Entreposage mobile / conteneur / cube
fr,FR | Search | Entreposage mobile,Entreposage mobile,entreposage montréal,Phrase,3.50,"1,000-1,900",3.50-6.00,A. Entreposage mobile / conteneur / cube
fr,FR | Search | Entreposage mobile,Entreposage mobile,location d'entreposage,Phrase,3.50,300-600,3.00-5.00,A. Entreposage mobile / conteneur / cube
fr,FR | Search | Entreposage mobile,Entreposage mobile,espace d'entreposage à louer,Phrase,3.50,200-400,3.00-5.00,A. Entreposage mobile / conteneur / cube
fr,FR | Search | Entreposage mobile,Entreposage mobile,mini entrepôt montréal,Phrase,3.50,"800-1,500",3.50-6.00,A. Entreposage mobile / conteneur / cube
fr,FR | Search | Vehicules hiver,Auto hiver,entreposage voiture hiver,Phrase,2.25,300-700 (Oct-Nov peak; <100 Apr-Aug),1.50-3.50,B. Entreposage hiver voiture / auto / véhicule / collection
fr,FR | Search | Vehicules hiver,Auto hiver,entreposage voiture hiver,Exact,2.25,300-700 (Oct-Nov peak; <100 Apr-Aug),1.50-3.50,B. Entreposage hiver voiture / auto / véhicule / collection
fr,FR | Search | Vehicules hiver,Auto hiver,entreposage auto hiver,Phrase,2.25,200-400,1.50-3.50,B. Entreposage hiver voiture / auto / véhicule / collection
fr,FR | Search | Vehicules hiver,Auto hiver,entreposage auto hiver,Exact,2.25,200-400,1.50-3.50,B. Entreposage hiver voiture / auto / véhicule / collection
fr,FR | Search | Vehicules hiver,Auto hiver,entreposage véhicule hiver,Phrase,2.02,50-150,1.50-3.00,B. Entreposage hiver voiture / auto / véhicule / collection
fr,FR | Search | Vehicules hiver,Auto hiver,entreposage voiture rive-sud,Exact,2.48,50-120,2.00-3.50,B. Entreposage hiver voiture / auto / véhicule / collection
fr,FR | Search | Vehicules hiver,Auto hiver chauffé,entreposage auto chauffé,Phrase,2.48,50-150,2.00-3.50,B. Entreposage hiver voiture / auto / véhicule / collection
fr,FR | Search | Vehicules hiver,Voiture collection,entreposage voiture de collection,Phrase,2.70,50-120,2.00-4.00,B. Entreposage hiver voiture / auto / véhicule / collection
fr,FR | Search | Vehicules hiver,Voiture collection,entreposage auto de collection hiver,Exact,2.70,10-30,2.00-4.00,B. Entreposage hiver voiture / auto / véhicule / collection
fr,FR | Search | Vehicules hiver,Auto hiver,remisage auto,Exact,2.02,30-80,1.50-3.00,B. Entreposage hiver voiture / auto / véhicule / collection
fr,FR | Search | Vehicules hiver,"Bateau (test, pausé)",entreposage bateau,Phrase,2.25,300-600,1.50-3.50,C. Bateau / ponton / moto / VTT / motoneige / VR / roulotte / remorque / hivernage
fr,FR | Search | Vehicules hiver,"Bateau (test, pausé)",entreposage bateau hiver,Phrase,2.25,200-400,1.50-3.50,C. Bateau / ponton / moto / VTT / motoneige / VR / roulotte / remorque / hivernage
fr,FR | Search | Vehicules hiver,"Bateau (test, pausé)",entreposage bateau hiver,Exact,2.25,200-400,1.50-3.50,C. Bateau / ponton / moto / VTT / motoneige / VR / roulotte / remorque / hivernage
fr,FR | Search | Vehicules hiver,"Bateau (test, pausé)",entreposage bateau intérieur,Exact,2.25,50-120,1.50-3.50,C. Bateau / ponton / moto / VTT / motoneige / VR / roulotte / remorque / hivernage
fr,FR | Search | Vehicules hiver,"Bateau (test, pausé)",entreposage bateau rive-sud,Exact,2.48,50-120,2.00-3.50,C. Bateau / ponton / moto / VTT / motoneige / VR / roulotte / remorque / hivernage
fr,FR | Search | Vehicules hiver,"Bateau (test, pausé)",entreposage bateau montréal,Exact,2.48,50-120,2.00-3.50,C. Bateau / ponton / moto / VTT / motoneige / VR / roulotte / remorque / hivernage
fr,FR | Search | Vehicules hiver,"Bateau (test, pausé)",hivernage bateau,Phrase,2.02,300-600,1.50-3.00,C. Bateau / ponton / moto / VTT / motoneige / VR / roulotte / remorque / hivernage
fr,FR | Search | Vehicules hiver,"Bateau (test, pausé)",hivernage bateau entreposage,Exact,2.02,20-60,1.50-3.00,C. Bateau / ponton / moto / VTT / motoneige / VR / roulotte / remorque / hivernage
fr,FR | Search | Vehicules hiver,Moto hiver,entreposage moto hiver,Phrase,2.00,200-400,1.50-3.00,C. Bateau / ponton / moto / VTT / motoneige / VR / roulotte / remorque / hivernage
fr,FR | Search | Vehicules hiver,Moto hiver,entreposage moto hiver,Exact,2.00,200-400,1.50-3.00,C. Bateau / ponton / moto / VTT / motoneige / VR / roulotte / remorque / hivernage
fr,FR | Search | Vehicules hiver,Moto hiver,remisage moto,Exact,2.00,30-80,1.50-3.00,C. Bateau / ponton / moto / VTT / motoneige / VR / roulotte / remorque / hivernage
fr,FR | Search | Vehicules hiver,VTT,entreposage VTT,Phrase,1.57,50-120,1.00-2.50,C. Bateau / ponton / moto / VTT / motoneige / VR / roulotte / remorque / hivernage
fr,FR | Search | Vehicules hiver,VTT,entreposage VTT hiver,Exact,1.57,20-60,1.00-2.50,C. Bateau / ponton / moto / VTT / motoneige / VR / roulotte / remorque / hivernage
fr,FR | Search | Vehicules hiver,VTT,entreposage quad,Exact,1.57,10-30,1.00-2.50,C. Bateau / ponton / moto / VTT / motoneige / VR / roulotte / remorque / hivernage
fr,FR | Search | Vehicules hiver,VTT,entreposage côte à côte,Exact,1.57,10-30,1.00-2.50,C. Bateau / ponton / moto / VTT / motoneige / VR / roulotte / remorque / hivernage
fr,FR | Search | Vehicules hiver,Motoneige,entreposage motoneige,Phrase,1.57,100-200,1.00-2.50,C. Bateau / ponton / moto / VTT / motoneige / VR / roulotte / remorque / hivernage
fr,FR | Search | Vehicules hiver,Remorque & équipement,entreposage remorque,Phrase,1.75,50-120,1.50-3.00,C. Bateau / ponton / moto / VTT / motoneige / VR / roulotte / remorque / hivernage
fr,FR | Search | Vehicules hiver,Motomarine & petit bateau,entreposage motomarine,Exact,2.02,30-80,1.50-3.00,C. Bateau / ponton / moto / VTT / motoneige / VR / roulotte / remorque / hivernage
fr,FR | Search | Terrasse commercial,Mobilier de terrasse,entreposage mobilier de terrasse,Phrase,2.02,20-50,1.50-3.00,D. Terrasse / mobilier extérieur / restaurant / commercial / saisonnier / inventaire
fr,FR | Search | Terrasse commercial,Restaurant & bar,entreposage terrasse restaurant,Phrase,2.02,10-30,1.50-3.00,D. Terrasse / mobilier extérieur / restaurant / commercial / saisonnier / inventaire
fr,FR | Search | Terrasse commercial,Mobilier de terrasse,entreposage terrasse hiver,Phrase,2.02,20-50,1.50-3.00,D. Terrasse / mobilier extérieur / restaurant / commercial / saisonnier / inventaire
fr,FR | Search | Terrasse commercial,Mobilier de terrasse,entreposage mobilier extérieur,Phrase,2.02,20-50,1.50-3.00,D. Terrasse / mobilier extérieur / restaurant / commercial / saisonnier / inventaire
fr,FR | Search | Terrasse commercial,Mobilier de terrasse,entreposage meubles de patio,Phrase,2.02,20-50,1.50-3.00,D. Terrasse / mobilier extérieur / restaurant / commercial / saisonnier / inventaire
fr,FR | Search | Terrasse commercial,Mobilier de terrasse,entreposage mobilier de jardin,Exact,2.02,10-30,1.50-3.00,D. Terrasse / mobilier extérieur / restaurant / commercial / saisonnier / inventaire
fr,FR | Search | Terrasse commercial,Mobilier de terrasse,entreposage parasols chauffe-terrasse,Exact,2.02,<10,1.50-3.00,D. Terrasse / mobilier extérieur / restaurant / commercial / saisonnier / inventaire
fr,FR | Search | Terrasse commercial,Commercial saisonnier & inventaire,entreposage commercial montréal,Phrase,3.50,100-250,3.00-5.00,D. Terrasse / mobilier extérieur / restaurant / commercial / saisonnier / inventaire
fr,FR | Search | Terrasse commercial,Commercial saisonnier & inventaire,entreposage pour entreprise,Phrase,3.15,50-120,2.50-4.50,D. Terrasse / mobilier extérieur / restaurant / commercial / saisonnier / inventaire
fr,FR | Search | Terrasse commercial,Restaurant & bar,entreposage pour restaurant,Phrase,2.48,20-50,2.00-3.50,D. Terrasse / mobilier extérieur / restaurant / commercial / saisonnier / inventaire
fr,FR | Search | Terrasse commercial,Commercial saisonnier & inventaire,entreposage saisonnier,Phrase,2.48,100-200,2.00-3.50,D. Terrasse / mobilier extérieur / restaurant / commercial / saisonnier / inventaire
fr,FR | Search | Terrasse commercial,Commercial saisonnier & inventaire,entreposage saisonnier commercial,Exact,2.48,10-30,2.00-3.50,D. Terrasse / mobilier extérieur / restaurant / commercial / saisonnier / inventaire
fr,FR | Search | Terrasse commercial,Commercial saisonnier & inventaire,entreposage inventaire,Phrase,2.93,30-80,2.50-4.00,D. Terrasse / mobilier extérieur / restaurant / commercial / saisonnier / inventaire
fr,FR | Search | Terrasse commercial,Commercial saisonnier & inventaire,entreposage inventaire commerce de détail,Exact,2.93,<10,2.50-4.00,D. Terrasse / mobilier extérieur / restaurant / commercial / saisonnier / inventaire
fr,FR | Search | Terrasse commercial,Commercial saisonnier & inventaire,conteneur entreposage commercial,Phrase,3.15,30-80,2.50-4.50,D. Terrasse / mobilier extérieur / restaurant / commercial / saisonnier / inventaire
fr,FR | Search | Terrasse commercial,Mobilier de terrasse,conteneur entreposage chantier,Phrase,3.15,30-80,2.50-4.50,D. Terrasse / mobilier extérieur / restaurant / commercial / saisonnier / inventaire
fr,FR | Search | Terrasse commercial,Paysagiste & équipement,entreposage équipement paysagement,Exact,2.02,<10,1.50-3.00,D. Terrasse / mobilier extérieur / restaurant / commercial / saisonnier / inventaire
fr,FR | Search | Terrasse commercial,Mobilier de terrasse,entreposage matériel événementiel,Exact,2.02,<10,1.50-3.00,D. Terrasse / mobilier extérieur / restaurant / commercial / saisonnier / inventaire
fr,FR | Search | Terrasse commercial,Restaurant & bar,entreposage hôtel mobilier,Exact,2.02,<10,1.50-3.00,D. Terrasse / mobilier extérieur / restaurant / commercial / saisonnier / inventaire
fr,FR | Search | Terrasse commercial,Hôtel & condo,entreposage condo mobilier commun,Exact,2.02,<10,1.50-3.00,D. Terrasse / mobilier extérieur / restaurant / commercial / saisonnier / inventaire
fr,FR | Search | Terrasse commercial,Mobilier de terrasse,entreposage archives documents montréal,Exact,3.50,30-80,3.00-5.00,D. Terrasse / mobilier extérieur / restaurant / commercial / saisonnier / inventaire
fr,FR | Search | Entreposage mobile,Déménagement & rénovation,déménagement et entreposage,Phrase,3.50,200-400,3.00-5.00,E. Déménagement + entreposage / rénovation
fr,FR | Search | Entreposage mobile,Déménagement & rénovation,conteneur déménagement,Phrase,3.15,200-400,2.50-4.50,E. Déménagement + entreposage / rénovation
fr,FR | Search | Entreposage mobile,Déménagement & rénovation,entreposage temporaire,Phrase,3.15,200-400,2.50-4.50,E. Déménagement + entreposage / rénovation
fr,FR | Search | Entreposage mobile,"Géo Montréal, Laval, couronnes (pausé)",entreposage laval,Phrase,3.50,500-900,3.50-5.50,F. Géo (near-me & villes)
fr,FR | Search | Entreposage mobile,Rive-Sud (géo),entreposage longueuil,Phrase,3.50,300-600,3.00-5.00,F. Géo (near-me & villes)
fr,FR | Search | Entreposage mobile,Rive-Sud (géo),entreposage brossard,Phrase,3.50,150-300,3.00-5.00,F. Géo (near-me & villes)
fr,FR | Search | Entreposage mobile,Rive-Sud (géo),entreposage rive-sud,Phrase,3.50,300-600,3.00-5.00,F. Géo (near-me & villes)
fr,FR | Search | Entreposage mobile,"Géo Montréal, Laval, couronnes (pausé)",entreposage rive-nord,Phrase,3.15,100-250,2.50-4.50,F. Géo (near-me & villes)
fr,FR | Search | Entreposage mobile,"Géo Montréal, Laval, couronnes (pausé)",entreposage terrebonne,Phrase,3.15,150-300,2.50-4.50,F. Géo (near-me & villes)
fr,FR | Search | Entreposage mobile,"Géo Montréal, Laval, couronnes (pausé)",entreposage repentigny,Phrase,3.15,100-250,2.50-4.50,F. Géo (near-me & villes)
fr,FR | Search | Entreposage mobile,Rive-Sud (géo),entreposage boucherville,Phrase,3.50,100-200,3.00-5.00,F. Géo (near-me & villes)
fr,FR | Search | Entreposage mobile,Rive-Sud (géo),entreposage sainte-julie,Exact,3.15,30-80,2.50-4.50,F. Géo (near-me & villes)
fr,FR | Search | Entreposage mobile,Rive-Sud (géo),entreposage saint-hubert,Exact,3.15,50-120,2.50-4.50,F. Géo (near-me & villes)
fr,FR | Search | Entreposage mobile,Rive-Sud (géo),entreposage candiac,Exact,3.15,30-80,2.50-4.50,F. Géo (near-me & villes)
fr,FR | Search | Entreposage mobile,"Géo Montréal, Laval, couronnes (pausé)",entreposage châteauguay,Phrase,3.15,100-200,2.50-4.50,F. Géo (near-me & villes)
fr,FR | Search | Entreposage mobile,"Géo Montréal, Laval, couronnes (pausé)",entreposage vaudreuil,Phrase,3.15,100-250,2.50-4.50,F. Géo (near-me & villes)
fr,FR | Search | Entreposage mobile,"Géo Montréal, Laval, couronnes (pausé)",entreposage west island,Phrase,3.50,50-150,3.00-5.00,F. Géo (near-me & villes)
fr,FR | Search | Entreposage mobile,"Géo Montréal, Laval, couronnes (pausé)",entreposage pointe-claire,Exact,3.50,50-120,3.00-5.00,F. Géo (near-me & villes)
fr,FR | Search | Entreposage mobile,"Géo Montréal, Laval, couronnes (pausé)",entreposage dollard-des-ormeaux,Exact,3.50,30-80,3.00-5.00,F. Géo (near-me & villes)
fr,FR | Search | Entreposage mobile,"Géo Montréal, Laval, couronnes (pausé)",entreposage kirkland,Exact,3.50,20-60,3.00-5.00,F. Géo (near-me & villes)
fr,FR | Search | Entreposage mobile,"Géo Montréal, Laval, couronnes (pausé)",entreposage laurentides,Phrase,2.70,100-250,2.00-4.00,F. Géo (near-me & villes)
fr,FR | Search | Entreposage mobile,"Géo Montréal, Laval, couronnes (pausé)",entreposage saint-jérôme,Phrase,2.93,150-300,2.50-4.00,F. Géo (near-me & villes)
fr,FR | Search | Entreposage mobile,"Géo Montréal, Laval, couronnes (pausé)",entreposage blainville,Phrase,3.15,100-200,2.50-4.50,F. Géo (near-me & villes)
fr,FR | Search | Entreposage mobile,"Géo Montréal, Laval, couronnes (pausé)",entreposage mascouche,Exact,2.93,50-120,2.50-4.00,F. Géo (near-me & villes)
fr,FR | Search | Entreposage mobile,"Géo Montréal, Laval, couronnes (pausé)",entreposage mirabel,Exact,2.70,50-120,2.00-4.00,F. Géo (near-me & villes)
fr,FR | Search | Vehicules hiver,"Bateau (test, pausé)",entreposage bateau laval,Exact,2.48,20-60,2.00-3.50,F. Géo (near-me & villes)
en,EN | Search | Mobile storage,Mobile storage,mobile storage,Phrase,5.00,300-600 (Montreal geo-targeted),4.50-8.50 CAD,A-core mobile storage
en,EN | Search | Mobile storage,Portable container,portable storage containers,Phrase,5.00,200-450 (Montreal geo),5.50-10.00 CAD,A-core mobile storage
en,EN | Search | Mobile storage,Portable container,storage container rental,Phrase,5.00,250-500 (Montreal geo),5.50-10.00 CAD,A-core mobile storage
en,EN | Search | Mobile storage,Portable container,rent storage container,Phrase,5.00,80-180,5.50-9.50 CAD,A-core mobile storage
en,EN | Search | Mobile storage,Portable container,moving and storage containers,Phrase,5.00,60-150,5.50-10.00 CAD,A-core mobile storage
en,EN | Search | Mobile storage,Portable container,storage pods montreal,Phrase,5.00,50-150,5.00-9.00 CAD,A-core mobile storage
en,EN | Search | Mobile storage,Portable container,storage pods montreal,Exact,5.00,50-150,5.00-9.00 CAD,A-core mobile storage
en,EN | Search | Mobile storage,Portable container,storage pod rental,Phrase,5.00,60-150 (Montreal geo),5.00-9.00 CAD,A-core mobile storage
en,EN | Search | Mobile storage,Portable container,storage pods,Phrase,5.00,150-350 (Montreal geo),4.50-8.50 CAD,A-core mobile storage
en,EN | Search | Mobile storage,"Self storage alternative (test, paused)",storage units near me,Exact,5.00,"1,000-1,600 (Montreal English)",6.00-14.00 CAD,A-core self storage (competitive)
en,EN | Search | Mobile storage,"Self storage alternative (test, paused)",self storage montreal,Exact,5.00,300-700,6.00-14.00 CAD,A-core self storage (competitive)
en,EN | Search | Mobile storage,"Self storage alternative (test, paused)",storage montreal,Phrase,5.00,"800-1,500",5.00-12.00 CAD,A-core self storage (competitive)
en,EN | Search | Mobile storage,"Self storage alternative (test, paused)",heated storage montreal,Phrase,5.00,80-200,5.00-10.00 CAD,A-core self storage (competitive)
en,EN | Search | Mobile storage,"Self storage alternative (test, paused)",heated storage montreal,Exact,5.00,80-200,5.00-10.00 CAD,A-core self storage (competitive)
en,EN | Search | Mobile storage,Generic geo (paused),storage west island,Phrase,5.00,100-250,5.00-10.00 CAD,A-geo
en,EN | Search | Mobile storage,Generic geo (paused),storage west island,Exact,5.00,100-250,5.00-10.00 CAD,A-geo
en,EN | Search | Mobile storage,Generic geo (paused),storage pointe claire,Phrase,5.00,40-120,5.00-9.50 CAD,A-geo
en,EN | Search | Mobile storage,Generic geo (paused),storage pointe claire,Exact,5.00,40-120,5.00-9.50 CAD,A-geo
en,EN | Search | Mobile storage,Generic geo (paused),storage dollard des ormeaux,Phrase,5.00,30-90,4.50-9.00 CAD,A-geo
en,EN | Search | Mobile storage,Generic geo (paused),storage dollard des ormeaux,Exact,5.00,30-90,4.50-9.00 CAD,A-geo
en,EN | Search | Mobile storage,Generic geo (paused),storage kirkland,Phrase,5.00,20-60,4.50-9.00 CAD,A-geo
en,EN | Search | Mobile storage,Generic geo (paused),storage kirkland,Exact,5.00,20-60,4.50-9.00 CAD,A-geo
en,EN | Search | Mobile storage,Generic geo (paused),storage beaconsfield,Phrase,5.00,10-40,4.50-9.00 CAD,A-geo
en,EN | Search | Mobile storage,Generic geo (paused),storage beaconsfield,Exact,5.00,10-40,4.50-9.00 CAD,A-geo
en,EN | Search | Mobile storage,Generic geo (paused),storage westmount,Phrase,5.00,20-60,5.00-10.00 CAD,A-geo
en,EN | Search | Mobile storage,Generic geo (paused),storage westmount,Exact,5.00,20-60,5.00-10.00 CAD,A-geo
en,EN | Search | Mobile storage,Generic geo (paused),storage ndg,Phrase,5.00,20-60,5.00-9.50 CAD,A-geo
en,EN | Search | Mobile storage,Generic geo (paused),storage ndg,Exact,5.00,20-60,5.00-9.50 CAD,A-geo
en,EN | Search | Mobile storage,Generic geo (paused),storage lachine,Phrase,5.00,20-60,4.50-9.00 CAD,A-geo
en,EN | Search | Mobile storage,Generic geo (paused),storage lachine,Exact,5.00,20-60,4.50-9.00 CAD,A-geo
en,EN | Search | Mobile storage,Generic geo (paused),storage vaudreuil,Phrase,5.00,40-100,4.50-9.00 CAD,A-geo
en,EN | Search | Mobile storage,Generic geo (paused),storage vaudreuil,Exact,5.00,40-100,4.50-9.00 CAD,A-geo
en,EN | Search | Mobile storage,Generic geo (paused),storage hudson quebec,Phrase,5.00,10-30,4.00-8.00 CAD,A-geo
en,EN | Search | Mobile storage,Generic geo (paused),storage hudson quebec,Exact,5.00,10-30,4.00-8.00 CAD,A-geo
en,EN | Search | Mobile storage,Generic geo (paused),storage laval,Phrase,5.00,100-250 (English share small; Laval mostly French),5.00-10.00 CAD,A-geo
en,EN | Search | Mobile storage,Generic geo (paused),storage laval,Exact,5.00,100-250 (English share small; Laval mostly French),5.00-10.00 CAD,A-geo
en,EN | Search | Mobile storage,Generic geo (paused),storage south shore montreal,Phrase,5.00,30-90,4.50-9.00 CAD,A-geo
en,EN | Search | Mobile storage,Generic geo (paused),storage south shore montreal,Exact,5.00,30-90,4.50-9.00 CAD,A-geo
en,EN | Search | Mobile storage,Generic geo (paused),storage brossard,Phrase,5.00,40-100,4.50-9.00 CAD,A-geo
en,EN | Search | Mobile storage,Generic geo (paused),storage brossard,Exact,5.00,40-100,4.50-9.00 CAD,A-geo
en,EN | Search | Mobile storage,Generic geo (paused),storage downtown montreal,Phrase,5.00,60-150,6.00-12.00 CAD,A-geo
en,EN | Search | Mobile storage,Generic geo (paused),storage downtown montreal,Exact,5.00,60-150,6.00-12.00 CAD,A-geo
en,EN | Search | Winter vehicle,Winter car storage,winter car storage montreal,Phrase,4.00,300-700 (Sep-Nov peak; ~50/mo off-season),3.50-7.00 CAD,B-vehicle winter
en,EN | Search | Winter vehicle,Winter car storage,winter car storage montreal,Exact,4.00,300-700 (Sep-Nov peak; ~50/mo off-season),3.50-7.00 CAD,B-vehicle winter
en,EN | Search | Winter vehicle,Winter car storage,winter car storage,Phrase,4.00,"600-1,200 (Montreal geo, Oct peak)",3.00-6.50 CAD,B-vehicle winter
en,EN | Search | Winter vehicle,Winter car storage,car storage montreal,Phrase,4.00,250-500,3.50-7.00 CAD,B-vehicle winter
en,EN | Search | Winter vehicle,Winter car storage,car storage montreal,Exact,4.00,250-500,3.50-7.00 CAD,B-vehicle winter
en,EN | Search | Winter vehicle,Heated car storage,indoor car storage montreal,Phrase,4.00,100-250,3.50-7.00 CAD,B-vehicle winter
en,EN | Search | Winter vehicle,Heated car storage,indoor car storage montreal,Exact,4.00,100-250,3.50-7.00 CAD,B-vehicle winter
en,EN | Search | Winter vehicle,Motorcycle & ATV,motorcycle storage montreal,Phrase,2.50,60-150,2.50-5.50 CAD,B-vehicle winter
en,EN | Search | Winter vehicle,Motorcycle & ATV,motorcycle storage montreal,Exact,2.50,60-150,2.50-5.50 CAD,B-vehicle winter
en,EN | Search | Winter vehicle,"Boat (test, paused)",boat storage montreal,Phrase,4.00,100-250 (Sep-Oct peak),3.00-6.50 CAD,B-vehicle winter
en,EN | Search | Winter vehicle,"Boat (test, paused)",boat storage montreal,Exact,4.00,100-250 (Sep-Oct peak),3.00-6.50 CAD,B-vehicle winter
en,EN | Search | Winter vehicle,"Boat (test, paused)",winter boat storage,Phrase,4.00,150-350 (Montreal geo),3.00-6.50 CAD,B-vehicle winter
en,EN | Search | Winter vehicle,"Boat (test, paused)",boat storage west island,Phrase,4.00,20-60,3.00-6.00 CAD,B-vehicle winter
en,EN | Search | Winter vehicle,"Boat (test, paused)",boat storage west island,Exact,4.00,20-60,3.00-6.00 CAD,B-vehicle winter
en,EN | Search | Winter vehicle,Boat & PWC,jet ski storage montreal,Phrase,3.38,20-60,2.50-5.00 CAD,B-vehicle winter
en,EN | Search | Winter vehicle,Boat & PWC,jet ski storage montreal,Exact,3.38,20-60,2.50-5.00 CAD,B-vehicle winter
en,EN | Search | Commercial patio,Patio furniture,patio furniture storage,Phrase,4.00,100-250 (Montreal geo),3.50-7.50 CAD,C-commercial seasonal
en,EN | Search | Commercial patio,Business seasonal,commercial seasonal storage montreal,Phrase,4.00,5-20,6.00-12.00 CAD,C-commercial seasonal
en,EN | Search | Commercial patio,Business seasonal,commercial seasonal storage montreal,Exact,4.00,5-20,6.00-12.00 CAD,C-commercial seasonal
en,EN | Search | Commercial patio,Business seasonal,seasonal storage montreal,Phrase,4.00,30-90,4.00-8.00 CAD,C-commercial seasonal
en,EN | Search | Commercial patio,Business seasonal,seasonal storage montreal,Exact,4.00,30-90,4.00-8.00 CAD,C-commercial seasonal
en,EN | Search | Commercial patio,Business seasonal,business storage montreal,Phrase,4.00,40-120,6.00-12.00 CAD,C-commercial seasonal
en,EN | Search | Commercial patio,Business seasonal,business storage montreal,Exact,4.00,40-120,6.00-12.00 CAD,C-commercial seasonal
en,EN | Search | Commercial patio,Business seasonal,commercial storage container rental montreal,Phrase,4.00,20-60,6.50-13.00 CAD,C-commercial seasonal
en,EN | Search | Commercial patio,Business seasonal,commercial storage container rental montreal,Exact,4.00,20-60,6.50-13.00 CAD,C-commercial seasonal
en,EN | Search | Commercial patio,Business seasonal,inventory storage montreal,Phrase,4.00,20-60,6.00-12.00 CAD,C-commercial seasonal
en,EN | Search | Commercial patio,Business seasonal,inventory storage montreal,Exact,4.00,20-60,6.00-12.00 CAD,C-commercial seasonal
en,EN | Search | Commercial patio,Business seasonal,storage container for business,Phrase,4.00,30-90 (Montreal geo),6.00-12.00 CAD,C-commercial seasonal
en,EN | Search | Commercial patio,Business seasonal,jobsite storage container rental montreal,Phrase,4.00,20-60,6.50-13.00 CAD,C-commercial seasonal
en,EN | Search | Commercial patio,Business seasonal,jobsite storage container rental montreal,Exact,4.00,20-60,6.50-13.00 CAD,C-commercial seasonal
en,EN | Search | Commercial patio,Business seasonal,landscaping equipment winter storage,Phrase,4.00,5-20 (Nov peak),5.00-10.00 CAD,C-commercial seasonal
en,EN | Search | Commercial patio,Business seasonal,condo storage container rental,Phrase,4.00,5-20,5.00-9.00 CAD,C-commercial seasonal
en,EN | Search | Commercial patio,Business seasonal,film production storage container montreal,Phrase,4.00,<10,5.00-10.00 CAD,C-commercial seasonal
en,EN | Search | Commercial patio,Business seasonal,office renovation storage container,Phrase,4.00,5-20,5.00-10.00 CAD,C-commercial seasonal
en,FR+EN | Search | Concurrents,Competitors EN,pods montreal,Phrase,2.50,150-350,2.00-5.00 CAD,D-competitor brand
en,FR+EN | Search | Concurrents,Competitors EN,pods montreal,Exact,2.50,150-350,2.00-5.00 CAD,D-competitor brand
en,FR+EN | Search | Concurrents,Competitors EN,gocube montreal,Exact,2.48,100-250,1.50-4.00 CAD,D-competitor brand
fr,FR+EN | Search | Marque,MobilCube,mobilcube,Exact,1.20,,,hand-added
fr,FR+EN | Search | Marque,MobilCube,mobilcube,Phrase,1.20,,,hand-added
fr,FR+EN | Search | Marque,MobilCube,mobil cube,Exact,1.20,,,hand-added
fr,FR+EN | Search | Marque,MobilCube,mobil cube,Phrase,1.20,,,hand-added
fr,FR+EN | Search | Marque,MobilCube,mobilcube boucherville,Exact,1.20,,,hand-added
fr,FR+EN | Search | Marque,MobilCube,mobilcube boucherville,Phrase,1.20,,,hand-added
fr,FR+EN | Search | Marque,MobilCube,mobilcube prix,Exact,1.20,,,hand-added
fr,FR+EN | Search | Marque,MobilCube,mobilcube prix,Phrase,1.20,,,hand-added
fr,FR+EN | Search | Marque,MobilCube,mobilcube avis,Exact,1.20,,,hand-added
fr,FR+EN | Search | Marque,MobilCube,mobilcube avis,Phrase,1.20,,,hand-added
fr,FR+EN | Search | Marque,MobilCube,mobilcube entreposage,Exact,1.20,,,hand-added
fr,FR+EN | Search | Marque,MobilCube,mobilcube entreposage,Phrase,1.20,,,hand-added
fr,FR+EN | Search | Marque,MobilCube,mobilcube storage,Exact,1.20,,,hand-added
fr,FR+EN | Search | Marque,MobilCube,mobilcube storage,Phrase,1.20,,,hand-added
fr,FR+EN | Search | Marque,MobilCube,mobilcube reviews,Exact,1.20,,,hand-added
fr,FR+EN | Search | Marque,MobilCube,mobilcube reviews,Phrase,1.20,,,hand-added
fr,FR+EN | Search | Marque,MobilCube,mobil cube montreal,Exact,1.20,,,hand-added
fr,FR+EN | Search | Marque,MobilCube,mobil cube montreal,Phrase,1.20,,,hand-added
fr,FR+EN | Search | Concurrents,Concurrents FR,pods entreposage,Exact,1.60,,,hand-added
fr,FR+EN | Search | Concurrents,Concurrents FR,conteneur pods,Exact,1.60,,,hand-added
fr,FR+EN | Search | Concurrents,Concurrents FR,gocube prix,Exact,1.60,,,hand-added
fr,FR+EN | Search | Concurrents,Concurrents FR,gocube entreposage,Exact,1.60,,,hand-added
fr,FR | Search | Vehicules hiver,Auto hiver,entreposage auto hiver rive-sud,Phrase,2.40,,,hand-added
fr,FR | Search | Vehicules hiver,Auto hiver,entreposage auto hiver rive-sud,Exact,2.40,,,hand-added
fr,FR | Search | Vehicules hiver,Motomarine & petit bateau,entreposage motomarine hiver,Phrase,2.40,,,hand-added
fr,FR | Search | Vehicules hiver,Motomarine & petit bateau,entreposage motomarine hiver,Exact,2.40,,,hand-added
fr,FR | Search | Vehicules hiver,Motomarine & petit bateau,entreposage sea-doo hiver,Phrase,2.40,,,hand-added
fr,FR | Search | Vehicules hiver,Motomarine & petit bateau,entreposage sea-doo hiver,Exact,2.40,,,hand-added
fr,FR | Search | Vehicules hiver,Motomarine & petit bateau,entreposage jet ski montréal,Phrase,2.40,,,hand-added
fr,FR | Search | Vehicules hiver,Motomarine & petit bateau,entreposage jet ski montréal,Exact,2.40,,,hand-added
fr,FR | Search | Vehicules hiver,Motomarine & petit bateau,entreposage petit bateau hiver,Phrase,2.40,,,hand-added
fr,FR | Search | Vehicules hiver,Motomarine & petit bateau,entreposage petit bateau hiver,Exact,2.40,,,hand-added
fr,FR | Search | Vehicules hiver,Motomarine & petit bateau,entreposage chaloupe hiver,Phrase,2.40,,,hand-added
fr,FR | Search | Vehicules hiver,Motomarine & petit bateau,entreposage chaloupe hiver,Exact,2.40,,,hand-added
fr,FR | Search | Terrasse commercial,Restaurant & bar,entreposage terrasse restaurant montréal,Phrase,2.80,,,hand-added
fr,FR | Search | Terrasse commercial,Restaurant & bar,entreposage terrasse restaurant montréal,Exact,2.80,,,hand-added
fr,FR | Search | Terrasse commercial,Restaurant & bar,rangement terrasse restaurant hiver,Phrase,2.80,,,hand-added
fr,FR | Search | Terrasse commercial,Restaurant & bar,rangement terrasse restaurant hiver,Exact,2.80,,,hand-added
fr,FR | Search | Terrasse commercial,Restaurant & bar,entreposage mobilier restaurant,Phrase,2.80,,,hand-added
fr,FR | Search | Terrasse commercial,Restaurant & bar,entreposage mobilier restaurant,Exact,2.80,,,hand-added
fr,FR | Search | Terrasse commercial,Restaurant & bar,entreposage chauffe-terrasse,Phrase,2.80,,,hand-added
fr,FR | Search | Terrasse commercial,Restaurant & bar,entreposage chauffe-terrasse,Exact,2.80,,,hand-added
fr,FR | Search | Terrasse commercial,Restaurant & bar,où entreposer mobilier de terrasse,Phrase,2.80,,,hand-added
fr,FR | Search | Terrasse commercial,Restaurant & bar,où entreposer mobilier de terrasse,Exact,2.80,,,hand-added
fr,FR | Search | Terrasse commercial,Restaurant & bar,entreposage terrasse bar,Phrase,2.80,,,hand-added
fr,FR | Search | Terrasse commercial,Restaurant & bar,entreposage terrasse bar,Exact,2.80,,,hand-added
fr,FR | Search | Entreposage mobile,Entreposage mobile,entreposage mobile prix,Phrase,2.80,,,hand-added
fr,FR | Search | Entreposage mobile,Entreposage mobile,entreposage mobile prix,Exact,2.80,,,hand-added
fr,FR | Search | Entreposage mobile,Conteneur d'entreposage,conteneur entreposage mobile,Phrase,2.80,,,hand-added
fr,FR | Search | Entreposage mobile,Conteneur d'entreposage,conteneur entreposage mobile,Exact,2.80,,,hand-added
fr,FR | Search | Entreposage mobile,Cube d'entreposage,location cube entreposage,Phrase,2.80,,,hand-added
fr,FR | Search | Entreposage mobile,Cube d'entreposage,cube entreposage mobile,Phrase,2.80,,,hand-added
fr,FR | Search | Entreposage mobile,Cube d'entreposage,cube entreposage mobile,Exact,2.80,,,hand-added
fr,FR | Search | Entreposage mobile,Cube d'entreposage,cube entreposage,Exact,2.80,,,hand-added
fr,FR | Search | Entreposage mobile,Rive-Sud (géo),entreposage boucherville,Exact,2.80,,,hand-added
fr,FR | Search | Entreposage mobile,Rive-Sud (géo),entreposage longueuil,Exact,2.80,,,hand-added
fr,FR | Search | Entreposage mobile,Rive-Sud (géo),entreposage longueuil prix,Phrase,2.80,,,hand-added
fr,FR | Search | Entreposage mobile,Rive-Sud (géo),entreposage longueuil prix,Exact,2.80,,,hand-added
fr,FR | Search | Entreposage mobile,Rive-Sud (géo),entreposage rive sud,Phrase,2.80,,,hand-added
fr,FR | Search | Entreposage mobile,Rive-Sud (géo),entreposage rive sud,Exact,2.80,,,hand-added
fr,FR | Search | Entreposage mobile,Rive-Sud (géo),entreposage brossard,Exact,2.80,,,hand-added
fr,FR | Search | Entreposage mobile,Rive-Sud (géo),entreposage saint-hubert,Phrase,2.80,,,hand-added
fr,FR | Search | Entreposage mobile,Rive-Sud (géo),entreposage sainte-julie,Phrase,2.80,,,hand-added
fr,FR | Search | Entreposage mobile,Rive-Sud (géo),entreposage varennes,Phrase,2.80,,,hand-added
fr,FR | Search | Entreposage mobile,Rive-Sud (géo),entreposage varennes,Exact,2.80,,,hand-added
fr,FR | Search | Entreposage mobile,Rive-Sud (géo),entreposage chambly,Phrase,2.80,,,hand-added
fr,FR | Search | Entreposage mobile,Rive-Sud (géo),entreposage chambly,Exact,2.80,,,hand-added
fr,FR | Search | Entreposage mobile,Rive-Sud (géo),entreposage candiac,Phrase,2.80,,,hand-added
fr,FR | Search | Entreposage mobile,Rive-Sud (géo),entreposage beloeil,Phrase,2.80,,,hand-added
fr,FR | Search | Entreposage mobile,Rive-Sud (géo),entreposage beloeil,Exact,2.80,,,hand-added
fr,FR | Search | Entreposage mobile,Déménagement & rénovation,entreposage meubles,Phrase,2.80,,,hand-added
fr,FR | Search | Entreposage mobile,Déménagement & rénovation,entreposage meubles,Exact,2.80,,,hand-added
fr,FR | Search | Entreposage mobile,Déménagement & rénovation,entreposage déménagement,Phrase,2.80,,,hand-added
fr,FR | Search | Entreposage mobile,Déménagement & rénovation,entreposage déménagement,Exact,2.80,,,hand-added
fr,FR | Search | Vehicules hiver,Auto hiver,entreposage voiture hiver prix,Phrase,2.40,,,hand-added
fr,FR | Search | Vehicules hiver,Auto hiver,entreposage voiture hiver prix,Exact,2.40,,,hand-added
fr,FR | Search | Vehicules hiver,Auto hiver,entreposage auto hiver prix,Phrase,2.40,,,hand-added
fr,FR | Search | Vehicules hiver,Auto hiver,entreposage auto hiver prix,Exact,2.40,,,hand-added
fr,FR | Search | Vehicules hiver,Auto hiver,prix entreposage voiture,Phrase,2.40,,,hand-added
fr,FR | Search | Vehicules hiver,Auto hiver,prix entreposage voiture,Exact,2.40,,,hand-added
fr,FR | Search | Vehicules hiver,Auto hiver,entreposage voiture rive sud,Phrase,2.40,,,hand-added
fr,FR | Search | Vehicules hiver,Auto hiver,entreposage voiture rive sud,Exact,2.40,,,hand-added
fr,FR | Search | Vehicules hiver,Auto hiver,entreposage auto hiver rive sud,Phrase,2.40,,,hand-added
fr,FR | Search | Vehicules hiver,Auto hiver,entreposage auto hiver rive sud,Exact,2.40,,,hand-added
fr,FR | Search | Vehicules hiver,Auto hiver,remisage auto hiver,Phrase,2.40,,,hand-added
fr,FR | Search | Vehicules hiver,Auto hiver,remisage auto hiver,Exact,2.40,,,hand-added
fr,FR | Search | Vehicules hiver,Moto hiver,entreposage moto hiver prix,Phrase,1.60,,,hand-added
fr,FR | Search | Vehicules hiver,Moto hiver,entreposage moto hiver prix,Exact,1.60,,,hand-added
fr,FR | Search | Vehicules hiver,Moto hiver,entreposage moto rive sud,Phrase,1.60,,,hand-added
fr,FR | Search | Vehicules hiver,Moto hiver,entreposage moto rive sud,Exact,1.60,,,hand-added
en,EN | Search | Winter vehicle,Winter car storage,winter car storage near me,Phrase,3.20,,,hand-added
en,EN | Search | Winter vehicle,Winter car storage,winter car storage near me,Exact,3.20,,,hand-added
fr,FR | Search | Vehicules hiver,Auto hiver chauffé,entreposage auto chauffé,Exact,2.40,,,hand-added
fr,FR | Search | Vehicules hiver,Auto hiver chauffé,entreposage chauffé,Phrase,2.40,,,hand-added
fr,FR | Search | Vehicules hiver,Auto hiver chauffé,entreposage chauffé,Exact,2.40,,,hand-added
fr,FR | Search | Entreposage mobile,Conteneur d'entreposage,louer un conteneur prix,Phrase,2.80,,,hand-added
fr,FR | Search | Entreposage mobile,Conteneur d'entreposage,louer un conteneur prix,Exact,2.80,,,hand-added
fr,FR | Search | Entreposage mobile,Conteneur d'entreposage,location container prix,Phrase,2.80,,,hand-added
fr,FR | Search | Entreposage mobile,Conteneur d'entreposage,location container prix,Exact,2.80,,,hand-added
fr,FR | Search | Entreposage mobile,Conteneur d'entreposage,conteneur déménagement,Phrase,2.80,,,hand-added
fr,FR | Search | Entreposage mobile,Conteneur d'entreposage,conteneur déménagement,Exact,2.80,,,hand-added
fr,FR | Search | Entreposage mobile,Conteneur d'entreposage,entrepot mobile,Phrase,2.80,,,hand-added
fr,FR | Search | Entreposage mobile,Conteneur d'entreposage,entrepot mobile,Exact,2.80,,,hand-added
fr,FR | Search | Entreposage mobile,Entreposage mobile,location entreposage,Phrase,2.80,,,hand-added
fr,FR | Search | Entreposage mobile,Entreposage mobile,location entreposage,Exact,2.80,,,hand-added
fr,FR | Search | Entreposage mobile,Entreposage mobile,prix entreposage,Phrase,2.80,,,hand-added
fr,FR | Search | Entreposage mobile,Entreposage mobile,prix entreposage,Exact,2.80,,,hand-added
fr,FR | Search | Entreposage mobile,Entreposage mobile,prix pour entreposage,Phrase,2.80,,,hand-added
fr,FR | Search | Entreposage mobile,Entreposage mobile,prix pour entreposage,Exact,2.80,,,hand-added
fr,FR | Search | Entreposage mobile,Entreposage mobile,espace entreposage,Phrase,2.80,,,hand-added
fr,FR | Search | Entreposage mobile,Entreposage mobile,espace entreposage,Exact,2.80,,,hand-added
fr,FR | Search | Entreposage mobile,Rive-Sud (géo),entreposage st jean sur richelieu,Phrase,2.80,,,hand-added
fr,FR | Search | Entreposage mobile,Rive-Sud (géo),entreposage st jean sur richelieu,Exact,2.80,,,hand-added
fr,FR | Search | Entreposage mobile,Rive-Sud (géo),mini entrepot st hubert,Phrase,2.80,,,hand-added
fr,FR | Search | Entreposage mobile,Rive-Sud (géo),mini entrepot st hubert,Exact,2.80,,,hand-added
fr,FR | Search | Entreposage mobile,Rive-Sud (géo),mini entrepôt longueuil,Phrase,2.80,,,hand-added
fr,FR | Search | Entreposage mobile,Rive-Sud (géo),mini entrepôt longueuil,Exact,2.80,,,hand-added
fr,FR | Search | Entreposage mobile,Déménagement & rénovation,déménagement et entreposage,Exact,2.80,,,hand-added
fr,FR | Search | Entreposage mobile,Déménagement & rénovation,déménagement entreposage,Phrase,2.80,,,hand-added
fr,FR | Search | Entreposage mobile,Déménagement & rénovation,déménagement entreposage,Exact,2.80,,,hand-added
fr,FR | Search | Entreposage mobile,Mini-entreposage mobile,mini entreposage mobile,Phrase,2.80,,,hand-added
fr,FR | Search | Entreposage mobile,Mini-entreposage mobile,mini entreposage mobile,Exact,2.80,,,hand-added
fr,FR | Search | Entreposage mobile,Mini-entreposage mobile,mini entrepôt mobile,Phrase,2.80,,,hand-added
fr,FR | Search | Entreposage mobile,Mini-entreposage mobile,mini entrepot mobile,Phrase,2.80,,,hand-added
fr,FR | Search | Entreposage mobile,Mini-entreposage mobile,mini entrepot mobile,Exact,2.80,,,hand-added
fr,FR | Search | Entreposage mobile,Mini-entreposage mobile,mini entrepôt livré,Phrase,2.80,,,hand-added
fr,FR | Search | Entreposage mobile,Mini-entreposage mobile,mini entrepôt livré,Exact,2.80,,,hand-added
fr,FR | Search | Entreposage mobile,Mini-entreposage mobile,mini entreposage livré,Phrase,2.80,,,hand-added
fr,FR | Search | Entreposage mobile,Mini-entreposage mobile,mini entreposage livré,Exact,2.80,,,hand-added
fr,FR | Search | Entreposage mobile,Mini-entreposage mobile,mini entreposage à domicile,Phrase,2.80,,,hand-added
fr,FR | Search | Entreposage mobile,Mini-entreposage mobile,mini entreposage à domicile,Exact,2.80,,,hand-added
fr,FR | Search | Entreposage mobile,Mini-entreposage mobile,mini entrepôt à domicile,Phrase,2.80,,,hand-added
fr,FR | Search | Entreposage mobile,Mini-entreposage mobile,mini entrepôt à domicile,Exact,2.80,,,hand-added
fr,FR | Search | Entreposage mobile,Mini-entreposage mobile,mini entrepôt portatif,Phrase,2.80,,,hand-added
fr,FR | Search | Entreposage mobile,Mini-entreposage mobile,mini entrepôt portatif,Exact,2.80,,,hand-added
fr,FR | Search | Entreposage mobile,Mini-entreposage mobile,location mini entrepôt mobile,Phrase,2.80,,,hand-added
fr,FR | Search | Entreposage mobile,Mini-entreposage mobile,location mini entrepôt mobile,Exact,2.80,,,hand-added
fr,FR | Search | Entreposage mobile,Mini-entrepôt,mini entrepôt,Exact,3.00,2900,2.51-13.85,planner-2026-10-07
fr,FR | Search | Entreposage mobile,Mini-entrepôt,minientrepot,Exact,3.00,2900,2.51-13.85,planner-2026-10-07
fr,FR | Search | Entreposage mobile,Mini-entrepôt,location mini entrepot,Exact,2.41,260,2.01-9.2,planner-2026-10-07
fr,FR | Search | Entreposage mobile,Mini-entrepôt,mini entrepôt prix,Exact,1.54,210,1.28-4.75,planner-2026-10-07
en,EN | Search | Winter vehicle,Winter car storage,climate controlled car storage,Exact,1.50,210,-,planner-2026-10-07
fr,FR | Search | Entreposage mobile,Rive-Sud (géo),entrepot longueuil,Exact,2.75,210,2.29-10.25,planner-2026-10-07
fr,FR | Search | Entreposage mobile,Grand Montréal (géo),entreposage terrebonne,Exact,1.67,170,1.39-5.19,planner-2026-10-07
fr,FR | Search | Vehicules hiver,Moto hiver,entreposage moto,Exact,1.80,170,1.75-8.12,planner-2026-10-07
fr,FR | Search | Entreposage mobile,Rive-Sud (géo),mini entrepôt boucherville,Exact,1.86,140,1.55-8.5,planner-2026-10-07
fr,FR | Search | Entreposage mobile,Montérégie (géo),mini entrepôt st-hyacinthe,Exact,1.74,140,1.45-6.74,planner-2026-10-07
fr,FR | Search | Entreposage mobile,Rive-Sud (géo),mini entrepôt rive-sud,Exact,2.46,140,2.05-10.14,planner-2026-10-07
fr,FR | Search | Entreposage mobile,Mini-entrepôt,location mini entrepôt prix,Exact,1.39,140,1.16-4.73,planner-2026-10-07
fr,FR | Search | Entreposage mobile,Mini-entrepôt,mini entreposage,Exact,3.00,140,2.83-14.36,planner-2026-10-07
fr,FR | Search | Vehicules hiver,Auto hiver,entreposage auto,Exact,1.75,140,1.46-9.24,planner-2026-10-07
fr,FR | Search | Vehicules hiver,Auto hiver,entreposage voiture,Exact,2.34,140,1.95-9.74,planner-2026-10-07
fr,FR | Search | Vehicules hiver,Auto hiver,entreposer une voiture,Exact,2.34,140,1.95-9.74,planner-2026-10-07
en,EN | Search | Winter vehicle,Motorcycle & ATV,storing motorcycle,Exact,0.90,140,0.35-1.34,planner-2026-10-07
en,EN | Search | Mobile storage,Mobile storage,mini storage near me,Exact,3.31,140,2.76-18.07,planner-2026-10-07
fr,FR | Search | Entreposage mobile,Montérégie (géo),entrepot granby,Exact,1.51,140,1.26-4.13,planner-2026-10-07
fr,FR | Search | Entreposage mobile,Rive-Sud (géo),entrepot rive sud,Exact,2.08,140,1.73-13.94,planner-2026-10-07
fr,FR | Search | Entreposage mobile,Grand Montréal (géo),entreposage rive-nord,Exact,1.52,110,1.27-5.6,planner-2026-10-07
fr,FR | Search | Entreposage mobile,Montérégie (géo),mini entrepôt valleyfield,Exact,0.90,110,0.65-7.84,planner-2026-10-07
fr,FR | Search | Entreposage mobile,Rive-Sud (géo),boucherville entrepot,Exact,2.03,110,1.69-10.22,planner-2026-10-07
fr,FR | Search | Entreposage mobile,Montérégie (géo),entreposage granby,Exact,1.07,90,0.89-3.76,planner-2026-10-07
fr,FR | Search | Entreposage mobile,Montérégie (géo),mini entrepôt granby,Exact,0.98,90,0.82-2.92,planner-2026-10-07
fr,FR | Search | Entreposage mobile,Montérégie (géo),mini entrepôt contrecoeur,Exact,1.92,90,1.6-4.62,planner-2026-10-07
fr,FR | Search | Entreposage mobile,Entreposage mobile,location entreposage mobile,Exact,3.00,90,2.64-8.89,planner-2026-10-07
fr,FR | Search | Entreposage mobile,Montérégie (géo),mini entrepôts salaberry,Exact,1.69,90,1.41-6.12,planner-2026-10-07
fr,FR | Search | Entreposage mobile,Conteneur d'entreposage,entreposage dans conteneur,Exact,2.54,90,2.12-9.26,planner-2026-10-07
en,EN | Search | Mobile storage,Portable container,transportable storage containers,Exact,3.50,90,3.01-9.61,planner-2026-10-07
fr,FR | Search | Entreposage mobile,Rive-Sud (géo),entrepot st hubert,Exact,2.80,90,2.75-27.09,planner-2026-10-07
fr,FR | Search | Entreposage mobile,Rive-Sud (géo),mini entrepôts mercier,Exact,1.39,90,1.16-5.5,planner-2026-10-07
fr,FR | Search | Entreposage mobile,Grand Montréal (géo),entreposage repentigny,Exact,2.50,70,2.22-11.9,planner-2026-10-07
fr,FR | Search | Entreposage mobile,Montérégie (géo),entreposage marieville,Exact,1.50,70,-,planner-2026-10-07
fr,FR | Search | Entreposage mobile,Montérégie (géo),mini entrepôt st-jean-sur-richelieu,Exact,1.78,70,1.48-5.12,planner-2026-10-07
fr,FR | Search | Entreposage mobile,Montérégie (géo),mini entrepôt soulanges,Exact,1.50,70,-,planner-2026-10-07
fr,FR | Search | Vehicules hiver,Auto hiver,entreposage auto hiver rive nord,Exact,2.60,70,2.32-7.65,planner-2026-10-07
en,EN | Search | Mobile storage,Portable container,moving and storage services,Exact,1.50,70,-,planner-2026-10-07
en,EN | Search | Mobile storage,Portable container,moving storage services,Exact,1.50,70,-,planner-2026-10-07
fr,FR | Search | Vehicules hiver,Auto hiver,entrepot voiture,Exact,2.36,70,1.97-8.71,planner-2026-10-07
en,EN | Search | Winter vehicle,Winter car storage,storage for vehicle,Exact,1.92,70,1.6-15.52,planner-2026-10-07
en,EN | Search | Mobile storage,Mobile storage,storage unit rates,Exact,1.85,70,1.54-6.0,planner-2026-10-07
en,EN | Search | Mobile storage,Mobile storage,storage space prices,Exact,1.85,70,1.54-6.0,planner-2026-10-07
en,EN | Search | Mobile storage,Mobile storage,storage locker prices,Exact,1.85,70,1.54-6.0,planner-2026-10-07
en,EN | Search | Mobile storage,Mobile storage,storage room prices,Exact,1.85,70,1.54-6.0,planner-2026-10-07
en,EN | Search | Mobile storage,Mobile storage,storage facility prices,Exact,1.85,70,1.54-6.0,planner-2026-10-07
en,EN | Search | Mobile storage,Mobile storage,mini storage prices,Exact,1.85,70,1.54-6.0,planner-2026-10-07
en,EN | Search | Mobile storage,Mobile storage,storage facility rates,Exact,1.85,70,1.54-6.0,planner-2026-10-07
en,EN | Search | Mobile storage,Mobile storage,storage locker rates,Exact,1.85,70,1.54-6.0,planner-2026-10-07
en,EN | Search | Mobile storage,Mobile storage,storage room rates,Exact,1.85,70,1.54-6.0,planner-2026-10-07
en,EN | Search | Mobile storage,Mobile storage,mini storage rates,Exact,1.85,70,1.54-6.0,planner-2026-10-07
fr,FR | Search | Entreposage mobile,Déménagement & rénovation,container déménagement,Exact,2.80,70,2.35-5.81,planner-2026-10-07
en,EN | Search | Mobile storage,Mobile storage,cost of storage unit,Exact,1.85,70,1.54-6.01,planner-2026-10-07
fr,FR | Search | Entreposage mobile,Déménagement & rénovation,déménagement par container,Exact,2.80,70,2.35-5.81,planner-2026-10-07
fr,FR | Search | Entreposage mobile,Rive-Sud (géo),entrepot brossard,Exact,1.26,70,1.05-4.38,planner-2026-10-07
fr,FR | Search | Entreposage mobile,Montérégie (géo),mini entrepot napierville,Exact,1.40,70,1.17-3.68,planner-2026-10-07
en,EN | Search | Mobile storage,Mobile storage,price of storage,Exact,1.85,70,1.54-6.01,planner-2026-10-07
en,EN | Search | Mobile storage,Mobile storage,storage facility pricing,Exact,1.85,70,1.54-6.01,planner-2026-10-07
en,EN | Search | Mobile storage,Mobile storage,storage unit price,Exact,1.85,70,1.54-6.01,planner-2026-10-07
fr,FR | Search | Entreposage mobile,Grand Montréal (géo),entreposage mascouche,Exact,2.36,50,1.97-7.3,planner-2026-10-07
fr,FR | Search | Entreposage mobile,Montérégie (géo),entreposage valleyfield,Exact,2.50,50,2.36-9.59,planner-2026-10-07
fr,FR | Search | Entreposage mobile,Montérégie (géo),entreposage st-hyacinthe,Exact,1.19,50,0.99-4.83,planner-2026-10-07
fr,FR | Search | Entreposage mobile,Rive-Sud (géo),mini entrepôt brossard,Exact,1.19,50,0.99-6.14,planner-2026-10-07
fr,FR | Search | Entreposage mobile,Conteneur d'entreposage,prix location conteneur entreposage,Exact,2.08,50,1.73-4.71,planner-2026-10-07
fr,FR | Search | Entreposage mobile,Entreposage mobile,entreposage prix pied carré,Exact,1.74,50,1.45-4.49,planner-2026-10-07
fr,FR | Search | Vehicules hiver,Auto hiver,entreposage vehicule,Exact,2.12,50,1.77-9.27,planner-2026-10-07
fr,FR | Search | Vehicules hiver,Auto hiver,entreposer un véhicule,Exact,2.12,50,1.77-9.27,planner-2026-10-07
en,EN | Search | Mobile storage,Mobile storage,mobile storage units,Exact,3.50,50,2.92-7.98,planner-2026-10-07
en,EN | Search | Mobile storage,Mobile storage,storage longueuil,Exact,3.50,50,3.33-10.33,planner-2026-10-07
en,EN | Search | Mobile storage,Portable container,moving storage containers,Exact,2.78,50,2.32-9.53,planner-2026-10-07
en,EN | Search | Mobile storage,Mobile storage,affordable storage near me,Exact,3.50,50,3.18-30.38,planner-2026-10-07
en,EN | Search | Mobile storage,Mobile storage,heated storage near me,Exact,3.50,50,3.02-10.32,planner-2026-10-07
en,EN | Search | Mobile storage,Mobile storage,inexpensive storage near me,Exact,3.50,50,3.18-30.38,planner-2026-10-07
en,EN | Search | Commercial patio,Business seasonal,commercial storage units near me,Exact,1.50,50,-,planner-2026-10-07
en,EN | Search | Mobile storage,Mobile storage,heated storage facilities near me,Exact,3.50,50,3.02-10.32,planner-2026-10-07
en,EN | Search | Mobile storage,Portable container,container storage,Exact,3.50,50,2.95-16.85,planner-2026-10-07
en,EN | Search | Mobile storage,Portable container,containerised storage,Exact,3.50,50,2.95-16.85,planner-2026-10-07
fr,FR | Search | Vehicules hiver,Auto hiver,entrepot auto,Exact,0.90,50,0.64-15.23,planner-2026-10-07
fr,FR | Search | Entreposage mobile,Entreposage mobile,entrepot storage,Exact,3.00,50,2.95-22.03,planner-2026-10-07
fr,FR | Search | Entreposage mobile,Grand Montréal (géo),entreposage blainville,Exact,1.27,40,1.06-4.71,planner-2026-10-07
fr,FR | Search | Entreposage mobile,Montérégie (géo),entreposage saint-jean-sur-richelieu,Exact,2.02,40,1.68-5.13,planner-2026-10-07
fr,FR | Search | Entreposage mobile,Grand Montréal (géo),entreposage st eustache,Exact,1.99,40,1.66-11.42,planner-2026-10-07
en,EN | Search | Mobile storage,Portable container,moving and storage services near me,Exact,1.50,40,-,planner-2026-10-07
fr,FR | Search | Entreposage mobile,Rive-Sud (géo),mini entrepot chambly,Exact,1.50,40,-,planner-2026-10-07
fr,FR | Search | Entreposage mobile,Cube d'entreposage,entreposage cube prix,Exact,1.72,40,1.43-6.56,planner-2026-10-07
en,EN | Search | Mobile storage,Portable container,portable storage units,Exact,3.31,40,2.76-11.16,planner-2026-10-07
en,EN | Search | Mobile storage,Portable container,portable storage,Exact,3.50,40,3.29-10.15,planner-2026-10-07
en,EN | Search | Mobile storage,Mobile storage,climate controlled storage near me,Exact,2.89,40,2.41-13.58,planner-2026-10-07
en,EN | Search | Mobile storage,Mobile storage,climate controlled storage facilities near me,Exact,2.89,40,2.41-13.58,planner-2026-10-07
en,EN | Search | Mobile storage,Mobile storage,storage locker cost,Exact,1.46,40,1.22-4.36,planner-2026-10-07
en,EN | Search | Mobile storage,Mobile storage,storage space cost,Exact,1.46,40,1.22-4.36,planner-2026-10-07
en,EN | Search | Mobile storage,Mobile storage,storage facility cost,Exact,1.46,40,1.22-4.36,planner-2026-10-07
fr,FR | Search | Entreposage mobile,Rive-Sud (géo),entreposage st mathieu de beloeil,Exact,1.44,40,1.2-4.55,planner-2026-10-07
en,EN | Search | Mobile storage,Portable container,portable storage facility,Exact,3.31,40,2.76-11.16,planner-2026-10-07
fr,FR | Search | Entreposage mobile,Rive-Sud (géo),entrepot candiac,Exact,1.91,40,1.59-9.9,planner-2026-10-07
fr,FR | Search | Entreposage mobile,Grand Montréal (géo),entrepot pointe aux trembles,Exact,1.97,40,1.64-17.18,planner-2026-10-07
en,EN | Search | Mobile storage,Mobile storage,storage costs,Exact,1.46,40,1.22-4.37,planner-2026-10-07
fr,FR | Search | Entreposage mobile,Montérégie (géo),entreposage farnham,Exact,1.14,30,0.95-3.19,planner-2026-10-07
fr,FR | Search | Entreposage mobile,Montérégie (géo),entreposage montérégie,Exact,0.97,30,0.81-3.11,planner-2026-10-07
fr,FR | Search | Entreposage mobile,Montérégie (géo),mini entrepot st dominique,Exact,1.50,30,-,planner-2026-10-07
fr,FR | Search | Vehicules hiver,Moto hiver,entreposage moto prix,Exact,1.49,30,1.24-4.51,planner-2026-10-07
en,EN | Search | Mobile storage,Portable container,moving storage,Exact,1.50,30,-,planner-2026-10-07
en,EN | Search | Mobile storage,Mobile storage,storage unit short term,Exact,1.50,30,-,planner-2026-10-07
fr,FR | Search | Entreposage mobile,Montérégie (géo),entrepot contrecoeur,Exact,1.50,30,-,planner-2026-10-07
fr,FR | Search | Entreposage mobile,Montérégie (géo),entrepot saint hyacinthe,Exact,2.38,30,1.98-4.94,planner-2026-10-07
fr,FR | Search | Entreposage mobile,Montérégie (géo),mini entrepot saint jean sur richelieu,Exact,1.92,30,1.6-5.12,planner-2026-10-07
fr,FR | Search | Entreposage mobile,Entreposage mobile,location espace entreposage,Exact,2.47,30,2.06-9.5,planner-2026-10-07
en,EN | Search | Mobile storage,Portable container,mobile storage containers,Exact,1.50,30,-,planner-2026-10-07
en,EN | Search | Mobile storage,Mobile storage,storage solutions near me,Exact,1.50,30,-,planner-2026-10-07
fr,FR | Search | Entreposage mobile,Rive-Sud (géo),mini entrepot candiac,Exact,1.42,30,1.18-5.2,planner-2026-10-07
en,EN | Search | Mobile storage,Mobile storage,move and storage,Exact,1.50,30,-,planner-2026-10-07
en,EN | Search | Mobile storage,Mobile storage,move in storage,Exact,1.50,30,-,planner-2026-10-07
en,EN | Search | Mobile storage,Portable container,moving and storage solutions,Exact,1.50,30,-,planner-2026-10-07
en,EN | Search | Mobile storage,Portable container,moving into storage,Exact,1.50,30,-,planner-2026-10-07
en,EN | Search | Mobile storage,Mobile storage,short term storage,Exact,1.50,30,-,planner-2026-10-07
en,EN | Search | Mobile storage,Portable container,storage and moving,Exact,1.50,30,-,planner-2026-10-07
fr,FR | Search | Entreposage mobile,Entreposage mobile,entreposage intérieur,Exact,1.36,30,1.13-4.1,planner-2026-10-07
fr,FR | Search | Entreposage mobile,Rive-Sud (géo),entrepot mercier,Exact,1.76,30,1.47-4.4,planner-2026-10-07
fr,FR | Search | Entreposage mobile,Déménagement & rénovation,entrepot pour meuble,Exact,2.36,30,1.97-11.12,planner-2026-10-07
en,EN | Search | Mobile storage,Mobile storage,indoor storage,Exact,1.50,30,-,planner-2026-10-07
en,EN | Search | Mobile storage,Mobile storage,indoor storage facility,Exact,1.50,30,-,planner-2026-10-07
en,EN | Search | Mobile storage,Mobile storage,indoor storage unit,Exact,1.50,30,-,planner-2026-10-07
fr,FR | Search | Entreposage mobile,Montérégie (géo),mini entrepot marieville,Exact,1.16,30,0.97-5.08,planner-2026-10-07
fr,FR | Search | Entreposage mobile,Montérégie (géo),mini entrepot saint hyacinthe,Exact,1.24,30,1.03-25.72,planner-2026-10-07
fr,FR | Search | Entreposage mobile,Entreposage mobile,service d entreposage,Exact,1.54,30,1.28-7.9,planner-2026-10-07
fr,FR | Search | Entreposage mobile,Montérégie (géo),entreposage beauharnois,Exact,2.23,20,1.86-8.5,planner-2026-10-07
fr,FR | Search | Entreposage mobile,Rive-Sud (géo),mini entrepôt châteauguay,Exact,2.48,20,2.07-6.05,planner-2026-10-07
fr,FR | Search | Entreposage mobile,Rive-Sud (géo),mini entrepot ste julie,Exact,2.80,20,2.55-10.2,planner-2026-10-07
fr,FR | Search | Vehicules hiver,Moto hiver,entrepot moto,Exact,1.34,20,1.12-7.05,planner-2026-10-07
fr,FR | Search | Vehicules hiver,Moto hiver,entreposer moto hiver,Exact,1.80,20,1.66-9.34,planner-2026-10-07
fr,FR | Search | Entreposage mobile,Déménagement & rénovation,location conteneur déménagement,Exact,2.68,20,2.23-6.22,planner-2026-10-07
fr,FR | Search | Entreposage mobile,Déménagement & rénovation,location container pour demenagement,Exact,2.68,20,2.23-6.22,planner-2026-10-07
en,EN | Search | Mobile storage,Mobile storage,storage units longueuil,Exact,2.87,20,2.39-10.34,planner-2026-10-07
en,EN | Search | Mobile storage,Mobile storage,storage units brossard,Exact,3.50,20,3.3-24.31,planner-2026-10-07
en,EN | Search | Mobile storage,Mobile storage,indoor storage near me,Exact,1.50,20,-,planner-2026-10-07
en,EN | Search | Mobile storage,Mobile storage,storage prices near me,Exact,2.04,20,1.7-10.92,planner-2026-10-07
en,EN | Search | Mobile storage,Mobile storage,long term storage near me,Exact,1.50,20,-,planner-2026-10-07
en,EN | Search | Mobile storage,Mobile storage,indoor storage facility near me,Exact,1.50,20,-,planner-2026-10-07
en,EN | Search | Mobile storage,Mobile storage,storage units and prices near me,Exact,2.04,20,1.7-10.92,planner-2026-10-07
en,EN | Search | Commercial patio,Business seasonal,business storage units near me,Exact,1.50,20,-,planner-2026-10-07
en,EN | Search | Mobile storage,Mobile storage,10x10 storage unit price near me,Exact,1.50,20,-,planner-2026-10-07
en,EN | Search | Mobile storage,Mobile storage,mini storage prices near me,Exact,2.04,20,1.7-10.92,planner-2026-10-07
en,EN | Search | Mobile storage,Mobile storage,storage space prices near me,Exact,2.04,20,1.7-10.91,planner-2026-10-07
fr,FR | Search | Vehicules hiver,Auto hiver,entreposage voiture montreal,Exact,2.60,20,2.55-16.61,planner-2026-10-07
en,EN | Search | Mobile storage,Portable container,residential storage containers,Exact,1.50,20,-,planner-2026-10-07
fr,FR | Search | Vehicules hiver,Auto hiver,entreposage auto laval,Exact,1.94,20,1.62-8.39,planner-2026-10-07
fr,FR | Search | Entreposage mobile,Grand Montréal (géo),entreposage pointe aux trembles,Exact,2.11,20,1.76-25.4,planner-2026-10-07
fr,FR | Search | Entreposage mobile,Grand Montréal (géo),entrepot montreal nord,Exact,2.45,20,2.04-24.5,planner-2026-10-07
fr,FR | Search | Entreposage mobile,Montérégie (géo),entrepot napierville,Exact,2.50,20,2.12-10.33,planner-2026-10-07
fr,FR | Search | Entreposage mobile,Rive-Sud (géo),entrepot st bruno,Exact,2.80,20,2.76-11.68,planner-2026-10-07
fr,FR | Search | Entreposage mobile,Grand Montréal (géo),mini entrepôt montréal prix,Exact,1.85,20,1.54-8.37,planner-2026-10-07
en,EN | Search | Mobile storage,Mobile storage,storage unit price near me,Exact,2.04,20,1.7-10.92,planner-2026-10-07
fr,FR | Search | Entreposage mobile,Entreposage mobile,unité entreposage,Exact,3.00,20,2.79-10.24,planner-2026-10-07
en,FR+EN | Search | Concurrents,Competitors EN,u box uhaul,Exact,1.13,390,0.94-4.39,planner-2026-10-07
en,FR+EN | Search | Concurrents,Competitors EN,uhaul ubox,Exact,1.69,90,1.41-8.69,planner-2026-10-07
en,FR+EN | Search | Concurrents,Competitors EN,pods canada,Exact,1.68,140,1.4-9.26,planner-2026-10-07
en,FR+EN | Search | Concurrents,Competitors EN,pods rental,Exact,2.29,90,1.91-9.29,planner-2026-10-07
en,FR+EN | Search | Concurrents,Competitors EN,pods containers,Exact,1.70,70,1.42-8.19,planner-2026-10-07
en,FR+EN | Search | Concurrents,Competitors EN,pods storage,Exact,1.64,70,1.37-6.81,planner-2026-10-07
en,FR+EN | Search | Concurrents,Competitors EN,pods cost,Exact,1.46,30,1.22-4.85,planner-2026-10-07
en,FR+EN | Search | Concurrents,Competitors EN,cube it storage,Exact,2.12,70,1.77-9.62,planner-2026-10-07
en,FR+EN | Search | Concurrents,Competitors EN,go cube rental,Exact,2.22,30,1.85-8.88,planner-2026-10-07
en,FR+EN | Search | Concurrents,Competitors EN,ubox container,Exact,1.99,30,1.66-8.05,planner-2026-10-07
fr,FR+EN | Search | Concurrents,Concurrents FR,go cube prix,Exact,1.99,140,1.66-7.82,planner-2026-10-07
